ts,open,high,low,close,volume
1763559000000,91849.42,91849.42,91849.42,91849.42,0.0
1763559300000,91636.47,91810.25,91501.0,91501.0,0.10147
1763559600000,91630.3,91630.3,91630.3,91630.3,0.0001
1763559900000,91278.03,91623.85,91278.03,91623.85,0.00067
1763560200000,91565.27,91565.27,91565.27,91565.27,5e-05
1763560500000,91560.96,91560.96,91559.23,91559.23,0.00076
1763560800000,91557.14,91557.14,91534.36,91534.36,5e-05
1763561100000,91534.13,91534.13,91192.58,91192.58,0.0146
1763561400000,91454.19,91590.13,91452.36,91590.13,0.00055
1763561700000,91588.57,91588.57,91585.84,91585.84,0.00397
1763562000000,91487.66,91487.66,91487.66,91487.66,0.00033
1763562300000,91192.54,91327.83,91144.65,91326.88,0.00188
1763562600000,91066.75,91657.51,91066.75,91657.51,0.04313
1763562900000,91280.31,91656.78,91231.27,91231.27,0.0567
1763563200000,91655.74,91874.86,91597.11,91597.26,0.04558
1763563500000,91800.57,91900.82,91386.28,91833.29,0.00153
1763563800000,91441.61,91441.61,91441.61,91441.61,0.00051
1763564100000,91744.26,91853.4,91381.53,91853.4,0.00026
1763564400000,91903.05,91903.45,91574.32,91903.41,0.0021
1763564700000,91903.38,92257.79,91702.17,92257.79,0.13393
1763565000000,92121.76,92242.58,92000.0,92000.0,0.01912
1763565300000,92243.91,92360.9,92059.88,92060.07,0.02786
1763565600000,92000.0,92000.0,91455.97,91678.53,0.23524
1763565900000,91455.97,91635.83,91160.65,91160.65,0.01323
1763566200000,91465.34,91465.34,90800.0,90800.0,0.01326
1763566500000,90748.67,90748.67,90682.58,90682.58,0.00599
1763566800000,90772.57,90945.7,90707.5,90945.7,0.04531
1763567100000,90616.88,90616.88,90357.94,90357.94,0.0588
1763567400000,90300.04,90441.96,90000.41,90100.0,0.03059
1763567700000,90149.85,90149.85,89915.86,90147.98,0.11709
1763568000000,90148.31,90324.45,89916.53,89917.75,0.25411
1763568300000,90270.44,90362.3,90192.61,90361.82,0.00622
1763568600000,89917.1,90290.44,89916.6,89916.6,0.01725
1763568900000,90328.55,90328.55,89774.33,89774.33,0.00804
1763569200000,89745.08,90000.0,89745.08,90000.0,0.08593
1763569500000,89745.33,89891.14,89594.9,89594.9,0.03301
1763569800000,89841.76,89934.15,89596.86,89923.25,0.00552
1763570100000,89594.58,89833.26,89457.3,89825.46,0.12251
1763570400000,89821.91,89960.42,89766.08,89960.42,0.02957
1763570700000,89951.52,89951.52,89457.4,89802.93,0.02591
1763571000000,89772.38,89772.38,89600.0,89600.0,0.01032
1763571300000,89746.24,89930.55,89574.97,89574.97,0.01244
1763571600000,89938.57,90109.35,89500.07,89500.07,0.62788
1763571900000,89810.57,89810.57,89800.3,89800.3,0.00076
1763572200000,89799.54,89799.54,89385.78,89385.78,0.0767
1763572500000,89595.97,89595.97,89370.12,89583.08,0.00512
1763572800000,89370.12,89582.32,89347.68,89381.78,0.0455
1763573100000,89652.53,89652.53,89652.53,89652.53,0.00111
1763573400000,89381.78,89615.38,89133.86,89615.38,0.05367
1763573700000,89133.85,89133.85,88923.0,89000.0,1.16979
1763574000000,89141.33,89580.14,89141.33,89580.14,0.18388
1763574300000,89337.4,89416.62,89000.27,89416.62,0.11852
1763574600000,89200.01,89405.63,89200.0,89404.56,0.01716
1763574900000,89404.12,89404.12,89140.9,89140.9,0.00113
1763575200000,89579.43,89579.43,89564.8,89565.78,0.01842
1763575500000,89565.72,89565.77,89330.0,89549.38,0.09602
1763575800000,89565.77,89580.68,89565.47,89580.68,0.0301
1763576100000,89686.89,89743.03,89231.42,89231.42,0.04056
1763576400000,89231.42,89466.8,89210.54,89210.57,0.09083
1763576700000,89058.54,89058.59,88888.88,88888.88,0.54464
1763577000000,89058.55,89285.57,88900.27,89224.43,0.0671
1763577300000,89221.63,89353.02,89221.63,89353.02,0.1186
1763577600000,88972.94,89190.81,88903.21,89170.67,0.03847
1763577900000,88888.93,89147.73,88866.39,88866.39,0.03309
1763578200000,88866.39,89321.84,88866.39,89248.2,0.03088
1763578500000,89353.98,89353.98,89353.98,89353.98,2e-05
1763578800000,89354.17,89354.17,89032.38,89032.38,0.00636
1763579100000,89354.29,89354.31,89353.57,89354.31,0.01548
1763579400000,89352.64,89352.64,89062.0,89348.16,0.86866
1763579700000,89345.04,89345.04,89062.0,89312.42,0.09604
1763580000000,89310.03,89310.03,88901.27,88901.53,0.60197
1763580300000,88901.51,89162.08,88888.0,89161.52,0.00311
1763580600000,88852.6,88852.6,88839.18,88852.6,0.51109
1763580900000,89067.64,89067.64,88759.54,88759.54,0.01658
1763581200000,88759.54,88893.4,88715.0,88890.4,0.08413
1763581500000,88894.1,88894.1,88677.12,88888.41,0.06983
1763581800000,88894.13,89119.17,88696.55,89119.17,0.00585
1763582100000,89119.12,89119.12,88840.51,88840.51,0.00584
1763582400000,88840.67,89114.93,88750.0,88750.0,0.1185
1763582700000,88959.37,88959.37,88645.22,88903.28,0.0934
1763583000000,88902.37,88902.37,88622.68,88622.68,0.00281
1763583300000,89000.58,89000.58,88733.98,88733.98,0.00305
1763583600000,89120.26,89209.09,89001.43,89209.09,0.15529
1763583900000,89208.95,89354.31,89081.82,89354.31,0.11587
1763584200000,89350.08,89364.65,89154.64,89154.64,0.88982
1763584500000,89365.82,89579.06,89365.82,89578.85,0.52769
1763584800000,89575.03,89575.03,89190.39,89458.03,0.0721
1763585100000,89454.86,89454.86,89454.86,89454.86,3e-05
1763585400000,89577.98,89593.51,89577.96,89593.51,0.15844
1763585700000,89714.24,89714.24,89622.13,89622.13,0.00032
1763586000000,89714.21,89714.21,89439.47,89714.19,0.0016
1763586300000,89713.98,89999.34,89462.32,89996.5,0.264
1763586600000,89952.83,89952.83,89877.23,89877.23,0.00136
1763586900000,89876.38,89952.73,89876.02,89952.34,0.00218
1763587200000,89953.13,90824.62,89953.13,90824.07,0.08115
1763587500000,90483.77,90701.45,90129.95,90129.95,0.06726
1763587800000,90354.64,90354.64,90354.64,90354.64,7e-05
1763588100000,90682.23,90682.23,90400.0,90400.0,0.01969
1763588400000,90607.57,90607.57,90555.44,90555.44,0.00127
1763588700000,90555.44,90681.09,90500.0,90500.0,0.00373
1763589000000,90682.54,90682.56,90682.45,90682.56,0.00571
1763589300000,90682.18,90823.35,90550.76,90823.35,0.01802
1763589600000,90600.0,90697.32,90271.55,90694.17,0.0286
1763589900000,90693.86,90693.86,90659.99,90659.99,0.00596
1763590200000,90647.15,90647.15,90645.44,90645.44,0.00542
1763590500000,90633.07,90633.07,90280.72,90558.86,0.00167
1763590800000,90268.75,90268.75,90123.55,90123.55,0.00567
1763591100000,90023.75,90682.5,90023.75,90682.5,0.09981
1763591400000,90681.85,90681.85,90681.85,90681.85,0.00035
1763591700000,90365.19,90365.19,90364.29,90364.29,0.01134
1763592000000,90669.74,90669.74,90669.74,90669.74,0.001
1763592300000,90371.71,90371.71,90237.51,90237.51,0.03799
1763592600000,90609.88,90609.88,90251.52,90255.65,0.00284
1763592900000,90598.82,90598.82,90598.82,90598.82,2e-05
1763593200000,90682.57,90834.88,90682.57,90834.88,0.02018
1763593500000,90843.52,91315.66,90730.48,91315.66,0.08607
1763593800000,91360.23,91360.26,90933.46,91359.15,0.01391
1763594100000,91044.92,91371.75,91044.48,91076.01,0.03888
1763594400000,91427.49,91524.86,91248.32,91248.32,0.00516
1763594700000,91254.22,91520.39,91254.22,91520.39,0.00386
1763595000000,91398.36,91398.36,91398.36,91398.36,0.02855
1763595300000,91463.09,91463.09,91461.49,91461.49,0.00033
1763595600000,91461.49,91461.49,91461.49,91461.49,0.0
1763595900000,91446.92,91446.92,91446.92,91446.92,0.00055
1763596200000,91428.73,91428.73,91428.73,91428.73,0.01476
1763596500000,91438.0,91524.86,91240.41,91240.41,1.8264
1763596800000,91533.42,91533.42,91531.15,91531.15,7e-05
1763597100000,91528.39,91528.39,91443.05,91443.05,0.00084
1763597400000,91532.81,91532.81,91531.92,91531.92,0.00044
1763597700000,91528.44,91657.97,91299.93,91657.97,0.12544
1763598000000,91657.97,91744.64,91657.96,91697.6,0.03367
1763598300000,91783.01,91864.38,91783.01,91864.38,0.0033
1763598600000,91864.42,92071.79,91775.03,91806.51,0.03806
1763598900000,92071.92,92357.27,91864.75,92260.42,0.05218
1763599200000,92254.03,92254.03,91915.5,92240.62,0.00099
1763599500000,92280.63,92280.63,92232.64,92279.21,0.00552
1763599800000,92003.61,92213.76,91843.54,92152.56,0.02021
1763600100000,92148.52,92148.52,91890.0,91890.0,0.00043
1763600400000,91890.0,91890.0,91735.73,91850.0,0.04143
1763600700000,91999.76,92263.85,91999.75,92263.65,1.47015
1763601000000,92259.72,92351.94,92259.72,92351.33,0.00344
1763601300000,92350.83,92372.0,92347.99,92372.0,0.01377
1763601600000,92401.49,92469.23,92401.49,92468.85,0.00411
1763601900000,92467.42,92467.42,92200.0,92200.0,0.02463
1763602200000,92094.02,92469.2,92094.02,92469.2,0.01801
1763602500000,92423.64,92646.31,92423.64,92590.17,0.01416
1763602800000,92590.13,92590.13,92590.13,92590.13,0.00056
1763603100000,92330.37,92590.06,92330.37,92590.01,0.00044
1763603400000,92589.17,92590.17,92589.17,92590.17,0.00081
1763603700000,92590.17,92590.17,92354.25,92588.87,0.00477
1763604000000,92360.92,92679.48,92360.92,92679.48,0.00113
1763604300000,92679.48,92794.96,92662.08,92662.08,0.00592
1763604600000,92649.32,92649.39,92404.23,92616.41,0.01646
1763604900000,92691.66,92718.95,92690.71,92718.95,0.00122
1763605200000,92717.42,92717.42,92701.85,92701.85,0.00144
1763605500000,92676.75,92676.75,92676.11,92676.11,0.00013
1763605800000,92671.6,92671.61,92671.6,92671.61,0.0004
1763606100000,92661.8,92661.8,92661.8,92661.8,2e-05
1763606400000,92657.81,92657.81,92380.86,92587.57,0.01143
1763606700000,92521.58,92521.58,92520.25,92520.25,0.00062
1763607000000,92521.57,92576.95,92521.57,92576.95,0.022
1763607300000,92576.95,92701.43,92576.95,92701.2,0.67433
1763607600000,92699.28,92699.28,92451.33,92451.89,0.00626
1763607900000,92454.62,92682.39,92453.7,92682.39,0.02077
1763608200000,92320.8,92608.86,92320.8,92604.33,0.00115
1763608500000,92603.1,92603.1,92598.58,92598.58,0.00011
1763608800000,92340.42,92701.85,92340.42,92701.85,0.00778
1763609100000,92682.18,92682.18,92417.76,92417.76,0.0008
1763609400000,92417.76,92417.76,92417.76,92417.76,0.0
1763609700000,92423.75,92568.48,92423.75,92568.48,0.00072
1763610000000,92637.19,92637.19,92634.52,92634.52,0.00749
1763610300000,92631.59,92631.62,92424.36,92625.51,0.01247
1763610600000,92624.28,92624.28,92619.35,92619.35,0.02046
1763610900000,92617.44,92617.44,92428.63,92429.59,0.01222
1763611200000,92429.12,92607.71,92417.97,92418.87,0.11046
1763611500000,92418.03,92601.75,92417.0,92584.39,0.19236
1763611800000,92580.48,92714.21,92576.53,92714.21,0.00019
1763612100000,92387.66,92538.62,92163.3,92164.07,0.06763
1763612400000,92162.73,92368.13,92142.58,92147.24,0.03786
1763612700000,92480.54,92480.54,92472.64,92472.64,0.00013
1763613000000,92156.13,92156.13,92156.13,92156.13,0.00637
1763613300000,92459.76,92459.76,92458.67,92458.67,0.01106
1763613600000,92458.67,92458.67,92458.67,92458.67,0.0
1763613900000,92202.54,92425.0,92202.54,92425.0,0.42409
1763614200000,92386.75,92386.75,92386.75,92386.75,0.0089
1763614500000,92714.2,92927.21,92714.2,92927.21,0.06314
1763614800000,92965.82,92999.85,92929.18,92998.88,0.00348
1763615100000,92731.51,93102.64,92731.51,93102.64,0.02461
1763615400000,93102.01,93102.01,92864.96,93084.32,0.03504
1763615700000,93041.82,93041.82,92755.07,92755.07,8e-05
1763616000000,93022.68,93022.68,92913.08,92991.04,0.0007
1763616300000,92991.04,92991.04,92991.04,92991.04,0.0
1763616600000,92619.31,92619.31,92619.31,92619.31,0.00012
1763616900000,92837.75,92837.75,92595.98,92788.82,0.0156
1763617200000,92774.96,92774.96,92774.96,92774.96,0.00011
1763617500000,92530.65,92909.54,92530.65,92909.54,0.00641
1763617800000,92874.84,92874.84,92534.88,92537.56,0.00549
1763618100000,92849.73,92849.73,92849.73,92849.73,3e-05
1763618400000,92849.73,92849.73,92849.73,92849.73,0.0
1763618700000,92830.79,92861.4,92829.45,92861.4,0.09189
1763619000000,92860.81,92979.12,92860.81,92976.49,0.01064
1763619300000,92578.38,92850.9,92578.38,92850.9,0.00062
1763619600000,92579.87,92579.87,92469.29,92469.29,0.07023
1763619900000,92657.52,92657.52,92361.42,92362.84,0.00046
1763620200000,92366.72,92639.35,92258.43,92631.74,0.10856
1763620500000,92257.8,92257.8,92241.67,92241.67,0.00049
1763620800000,92162.73,92342.56,91825.92,91825.92,0.01396
1763621100000,92092.15,92092.15,92092.15,92092.15,5e-05
1763621400000,91798.03,91984.37,91707.55,91984.37,0.02028
1763621700000,91980.34,91980.34,91980.34,91980.34,2e-05
1763622000000,92019.36,92019.36,92019.36,92019.36,0.00011
1763622300000,91736.74,92008.58,91736.74,92008.58,0.00721
1763622600000,92004.69,92058.43,92004.69,92056.25,0.02202
1763622900000,92056.25,92056.25,92056.25,92056.25,0.0
1763623200000,92086.26,92086.26,92086.26,92086.26,0.00107
1763623500000,92084.37,92084.37,92084.37,92084.37,0.00071
1763623800000,92075.32,92099.99,92075.2,92099.99,0.06381
1763624100000,91863.02,91863.86,91862.93,91863.86,0.10537
1763624400000,92099.99,92100.0,92099.99,92100.0,0.11244
1763624700000,92257.76,92360.9,92257.76,92360.9,0.00458
1763625000000,92360.9,92369.16,92360.9,92369.16,0.00019
1763625300000,92466.21,92466.21,92466.21,92466.21,5e-05
1763625600000,92457.58,92457.58,92200.0,92200.0,0.04918
1763625900000,92430.01,92430.01,92097.91,92099.88,0.00048
1763626200000,92099.88,92099.88,92099.88,92099.88,0.0
1763626500000,92371.83,92371.83,92371.83,92371.83,0.00054
1763626800000,92371.83,92371.83,92371.83,92371.83,0.0
1763627100000,92371.83,92371.83,92371.83,92371.83,0.0
1763627400000,92034.65,92336.73,92034.64,92336.73,0.00034
1763627700000,92336.73,92336.73,92336.73,92336.73,0.0
1763628000000,92073.36,92073.36,92073.36,92073.36,0.00432
1763628300000,92329.85,92329.85,92093.02,92093.02,0.01106
1763628600000,92096.61,92096.61,92095.54,92095.54,0.01087
1763628900000,92095.54,92095.54,92095.54,92095.54,0.0
1763629200000,92272.88,92272.88,92272.88,92272.88,3e-05
1763629500000,92272.88,92272.88,92272.88,92272.88,0.0
1763629800000,91978.36,92223.5,91978.36,92222.3,0.00052
1763630100000,91981.16,91981.16,91981.02,91981.02,0.02172
1763630400000,91981.02,91981.02,91981.02,91981.02,0.0
1763630700000,92096.09,92096.09,91798.03,91798.03,0.00923
1763631000000,91710.06,91710.06,91710.06,91710.06,2e-05
1763631300000,91710.06,91710.06,91710.06,91710.06,0.0
1763631600000,91999.21,91999.21,91707.55,91707.55,0.00032
1763631900000,91691.52,91691.52,91457.0,91457.0,0.02516
1763632200000,91457.63,91773.38,91457.63,91773.38,0.03428
1763632500000,91908.23,91998.82,91908.23,91998.82,0.02636
1763632800000,91993.89,92016.25,91993.89,92016.25,0.01635
1763633100000,92056.39,92056.39,91585.53,91585.53,0.01255
1763633400000,91866.98,91866.98,91866.98,91866.98,3e-05
1763633700000,91866.98,91866.98,91866.98,91866.98,0.0
1763634000000,91565.59,91565.59,91565.59,91565.59,0.00054
1763634300000,91565.59,91565.59,91565.59,91565.59,0.0
1763634600000,91565.59,91565.59,91565.59,91565.59,0.0
1763634900000,92065.81,92065.81,92065.81,92065.81,0.00011
1763635200000,92065.81,92065.81,92065.81,92065.81,0.0
1763635500000,91985.39,91985.39,91976.2,91976.2,0.00099
1763635800000,91976.2,91976.2,91976.2,91976.2,0.0
1763636100000,91966.03,91966.03,91966.03,91966.03,3e-05
1763636400000,91963.04,91963.04,91963.04,91963.04,0.00054
1763636700000,91951.01,91951.01,91951.01,91951.01,0.00011
1763637000000,91902.69,91902.69,91899.57,91899.57,0.00023
1763637300000,91899.57,91899.57,91899.57,91899.57,0.0
1763637600000,91636.58,91636.58,91626.48,91626.48,0.03435
1763637900000,91874.08,91874.08,91457.01,91457.01,0.19204
1763638200000,91461.67,91461.67,91461.67,91461.67,0.0076
1763638500000,91461.67,91461.67,91461.67,91461.67,0.0
1763638800000,91808.35,91808.35,91515.14,91515.14,0.01204
1763639100000,91515.14,91515.14,91515.14,91515.14,0.0
1763639400000,91899.56,91999.39,91899.56,91999.39,0.03756
1763639700000,91999.4,91999.4,91997.91,91997.91,0.00038
1763640000000,91996.58,91996.58,91996.58,91996.58,2e-05
1763640300000,91991.61,91991.61,91991.61,91991.61,0.00027
1763640600000,91998.92,91999.88,91998.42,91998.42,0.00042
1763640900000,91998.42,91998.42,91998.42,91998.42,0.0
1763641200000,91961.53,91961.53,91955.49,91955.49,0.00453
1763641500000,91955.49,91955.49,91955.49,91955.49,0.0
1763641800000,91518.67,91939.8,91518.67,91939.8,0.00134
1763642100000,91998.81,91998.81,91998.81,91998.81,7e-05
1763642400000,91998.81,91998.81,91998.81,91998.81,0.0
1763642700000,91970.84,91970.84,91970.84,91970.84,0.00027
1763643000000,91970.38,91970.86,91717.4,91967.23,0.00253
1763643300000,91965.45,91965.45,91965.45,91965.45,0.00054
1763643600000,91962.55,91962.55,91957.01,91957.01,0.00039
1763643900000,91954.74,91954.74,91951.86,91951.86,0.00087
1763644200000,91951.09,91970.95,91951.09,91970.95,0.00192
1763644500000,91970.95,91970.98,91970.95,91970.98,0.00027
1763644800000,91970.98,91970.98,91970.98,91970.98,0.0
1763645100000,91966.73,92000.0,91966.2,92000.0,0.10927
1763645400000,92082.41,92360.9,92082.41,92149.42,0.03141
1763645700000,91798.03,91798.03,91798.03,91798.03,0.00406
1763646000000,91832.83,91832.83,91691.52,91691.52,0.04416
1763646300000,91663.5,91906.2,91592.96,91905.6,0.02183
1763646600000,91903.44,92041.1,91903.44,92041.1,0.03068
1763646900000,91534.77,91534.77,91534.77,91534.77,0.00528
1763647200000,91533.43,91647.37,91125.99,91455.72,0.06561
1763647500000,91086.78,91344.0,90682.58,90682.58,0.15611
1763647800000,90616.88,90949.38,90508.12,90949.38,0.00741
1763648100000,90800.0,91238.6,90800.0,91238.6,0.1493
1763648400000,91281.56,91420.52,91153.21,91420.45,0.01569
1763648700000,91420.49,91432.11,91420.49,91432.11,0.01623
1763649000000,91455.97,91612.22,91455.97,91612.22,0.02025
1763649300000,91529.37,91612.04,91186.85,91186.85,0.09139
1763649600000,91048.18,91156.58,90893.18,91156.58,0.04651
1763649900000,90893.17,91156.63,90824.62,90824.62,0.05721
1763650200000,90830.0,91146.87,90729.47,91145.7,0.00144
1763650500000,91156.67,91192.25,91156.67,91192.25,0.07179
1763650800000,91192.46,91192.46,90682.62,90683.03,0.00625
1763651100000,90682.58,91046.35,90503.66,91046.06,0.01329
1763651400000,90985.6,90985.6,90419.25,90628.34,0.03162
1763651700000,90402.14,90604.71,90242.93,90604.38,0.00692
1763652000000,90305.22,90729.44,90305.22,90729.44,0.00171
1763652300000,90729.47,90729.47,90729.47,90729.47,0.00011
1763652600000,90729.47,90729.47,90729.47,90729.47,0.0
1763652900000,90654.12,90654.12,90654.12,90654.12,0.00029
1763653200000,90774.37,90774.37,90270.86,90751.98,0.00161
1763653500000,90751.98,90751.98,90751.98,90751.98,0.0
1763653800000,90585.45,90585.45,90154.48,90416.79,0.12831
1763654100000,90129.95,90129.95,89892.53,89892.53,0.02893
1763654400000,89892.53,90087.81,89440.23,89440.23,0.06164
1763654700000,89396.21,89396.21,88980.72,89141.13,1.24444
1763655000000,88940.67,89092.08,88565.51,88868.94,0.31914
1763655300000,88609.0,88912.95,88565.67,88858.35,1.44342
1763655600000,88789.48,88869.75,88297.98,88704.55,0.30066
1763655900000,88838.56,89189.76,88741.13,88750.0,0.16542
1763656200000,88952.38,88952.38,88577.02,88834.88,0.18237
1763656500000,88492.57,88773.9,88312.69,88312.69,0.10065
1763656800000,88659.81,88659.81,88170.3,88399.45,0.06501
1763657100000,88498.32,88513.92,88011.51,88513.92,0.32838
1763657400000,88160.0,88504.4,88000.0,88005.0,0.94564
1763657700000,88005.0,88285.8,87669.35,87669.35,1.34044
1763658000000,88032.1,88199.99,87878.59,87921.83,0.49214
1763658300000,87878.59,87878.59,87380.35,87788.01,0.33841
1763658600000,87346.64,87525.84,87135.17,87135.18,0.94135
1763658900000,87489.47,87489.47,87135.17,87380.4,0.0451
1763659200000,87379.34,87622.43,87000.0,87622.43,0.29988
1763659500000,87490.21,87490.21,87001.11,87399.28,0.04949
1763659800000,87400.0,87400.0,87000.0,87000.01,0.12087
1763660100000,87254.28,87254.28,86701.0,87221.4,0.95196
1763660400000,86855.7,87179.38,86705.04,86712.1,0.11833
1763660700000,87155.73,87155.73,86701.0,87064.03,0.04714
1763661000000,87061.72,87228.69,86934.53,87167.43,0.02315
1763661300000,87228.82,87416.83,87228.82,87416.82,0.00031
1763661600000,87258.97,87415.18,87100.03,87349.52,0.04318
1763661900000,87100.05,87622.39,87100.05,87394.47,0.0202
1763662200000,87622.48,87778.8,87494.81,87778.8,0.01693
1763662500000,87778.84,87785.68,87494.69,87494.69,0.19154
1763662800000,87687.64,87687.64,87173.26,87173.26,0.00364
1763663100000,87457.74,87457.74,87100.0,87100.01,0.06036
1763663400000,87100.01,87389.55,86884.17,87365.25,0.14099
1763663700000,87362.0,87362.0,86850.0,86850.0,0.03083
1763664000000,87189.21,87189.21,86701.0,86701.2,0.01645
1763664300000,87141.74,87141.74,86701.01,87095.3,0.07179
1763664600000,86702.03,87032.04,86500.0,86500.01,0.39066
1763664900000,86500.01,86701.0,86500.0,86700.97,0.1101
1763665200000,86700.88,86700.88,86354.66,86354.66,0.17437
1763665500000,86354.66,86609.39,86146.12,86566.47,0.44208
1763665800000,86566.37,86729.88,86565.37,86727.33,0.09085
1763666100000,86726.22,86726.22,86257.11,86724.48,0.07551
1763666400000,86731.97,86890.19,86731.57,86890.19,0.0615
1763666700000,87018.02,87134.01,86851.56,87133.91,0.02782
1763667000000,86880.06,87133.67,86580.57,86801.95,0.02542
1763667300000,86897.61,86899.25,86801.95,86899.25,0.00122
1763667600000,86580.41,86800.97,86447.97,86776.66,0.14896
1763667900000,86776.63,86776.63,86750.0,86750.0,0.00388
1763668200000,86719.85,86801.81,86600.0,86801.81,0.26972
1763668500000,86800.6,86801.95,86800.58,86801.95,0.052
1763668800000,87097.48,87097.48,86693.19,86997.87,0.00668
1763669100000,86960.86,86960.87,86952.3,86952.3,0.13465
1763669400000,86615.88,86950.69,86441.18,86766.46,0.05504
1763669700000,86765.51,86800.0,86664.96,86800.0,0.04343
1763670000000,86800.0,86930.01,86665.48,86930.01,0.06286
1763670300000,86930.01,87099.89,86930.01,87099.89,0.00613
1763670600000,87099.89,87258.94,87000.0,87250.82,0.02943
1763670900000,87016.99,87082.71,86664.97,86774.96,0.11414
1763671200000,86737.78,86773.19,86664.96,86772.41,0.02078
1763671500000,86771.78,86772.28,86580.4,86771.04,0.0186
1763671800000,86853.54,86853.54,86800.0,86800.0,6e-05
1763672100000,86800.0,86850.18,86580.4,86742.31,0.01632
1763672400000,86501.03,86871.86,86501.03,86870.77,0.00617
1763672700000,86870.58,86999.35,86870.58,86999.35,0.00571
1763673000000,86999.29,86999.29,86998.92,86998.92,0.0009
1763673300000,86999.27,87099.89,86999.24,87099.89,0.0641
1763673600000,87178.71,87494.35,87100.8,87494.35,0.00806
1763673900000,87494.2,87494.2,87290.23,87353.95,0.05278
1763674200000,87334.71,87494.63,87153.0,87494.63,0.22185
1763674500000,87458.0,87458.0,87458.0,87458.0,0.00228
1763674800000,87494.76,87523.43,87480.93,87480.93,0.00205
1763675100000,87606.69,87622.49,87481.27,87622.49,0.00167
1763675400000,87591.48,87645.57,87484.51,87645.57,0.00035
1763675700000,87645.32,87645.32,87362.44,87581.34,0.01807
1763676000000,87580.88,87580.88,87580.88,87580.88,0.00016
1763676300000,87250.67,87777.05,87250.67,87453.64,0.52198
1763676600000,87778.84,87910.85,87617.31,87617.31,0.00483
1763676900000,87910.85,87950.0,87671.22,87948.31,0.00137
1763677200000,87952.42,87952.42,87952.41,87952.41,0.03419
1763677500000,87952.88,88148.23,87886.25,88077.76,0.008
1763677800000,88124.56,88348.69,87912.79,88014.4,0.22714
1763678100000,88018.63,88114.4,87722.97,88034.65,0.4407
1763678400000,88034.63,88034.63,88034.63,88034.63,0.00023
1763678700000,88034.63,88034.63,88034.63,88034.63,0.0
1763679000000,88310.48,88310.48,88045.91,88045.91,0.00092
1763679300000,88241.08,88241.08,88053.57,88053.57,0.05374
1763679600000,88045.91,88205.38,88034.63,88129.59,0.04279
1763679900000,88177.62,88177.62,87874.03,87886.18,0.00126
1763680200000,87886.21,87886.21,87500.0,87861.3,0.33781
1763680500000,87579.06,87886.26,87579.06,87886.26,2.47662
1763680800000,87886.26,87886.26,87500.0,87885.12,6.15539
1763681100000,87500.23,87884.05,87201.53,87201.53,0.09845
1763681400000,87578.22,87578.22,87206.03,87559.75,0.04084
1763681700000,87559.05,87559.06,87000.01,87001.27,0.13219
1763682000000,87000.01,87424.17,87000.01,87424.02,0.00051
1763682300000,87000.84,87346.47,87000.83,87234.37,0.00095
1763682600000,87000.83,87089.65,86808.68,86808.68,0.01591
1763682900000,87067.99,87067.99,86808.65,87062.01,0.05248
1763683200000,86808.65,87060.74,86748.15,87029.42,0.01373
1763683500000,86748.15,87258.8,86671.39,87222.1,0.02999
1763683800000,86911.53,87258.96,86911.53,87258.96,0.01391
1763684100000,87258.95,87398.11,87063.1,87397.73,0.04023
1763684400000,87134.87,87415.48,87050.63,87051.62,0.00338
1763684700000,87323.29,87416.83,87061.84,87415.64,0.00235
1763685000000,87070.74,87416.78,87070.74,87415.89,0.00229
1763685300000,87062.86,87416.88,87062.86,87246.59,0.02677
1763685600000,87251.45,87599.66,87251.45,87253.64,0.00068
1763685900000,87254.81,87456.19,87254.81,87255.25,0.00042
1763686200000,87455.88,87555.5,87257.09,87550.98,0.02922
1763686500000,87550.32,87550.43,87253.69,87253.84,0.00216
1763686800000,87457.84,87588.22,87253.64,87450.64,0.00278
1763687100000,87570.54,87622.16,87256.32,87572.27,0.01883
1763687400000,87253.73,87453.41,87086.66,87086.66,0.03362
1763687700000,87087.77,87087.9,87050.4,87050.4,0.02986
1763688000000,86898.0,87234.5,86898.0,87053.34,0.02759
1763688300000,87371.19,87534.3,87371.19,87534.3,0.01219
1763688600000,87456.46,87456.46,87336.72,87336.72,0.00193
1763688900000,87051.28,87335.87,87051.27,87335.87,0.02184
1763689200000,86930.01,87429.31,86930.01,87429.31,0.40031
1763689500000,87460.22,87460.22,87112.3,87112.3,6e-05
1763689800000,87438.06,87438.06,87115.31,87287.53,0.01188
1763690100000,87285.4,87286.71,87285.4,87286.4,0.00124
1763690400000,87284.94,87284.94,86927.77,87173.22,0.00659
1763690700000,86930.13,87087.44,86735.43,87050.86,0.98201
1763691000000,86999.61,86999.61,86550.25,86550.25,0.03591
1763691300000,86501.03,86812.6,86349.12,86532.2,0.07932
1763691600000,86461.03,86884.01,86317.1,86884.01,0.10216
1763691900000,86884.05,86884.05,86555.26,86561.14,0.01057
1763692200000,86875.15,86875.15,86319.02,86865.32,0.0008
1763692500000,86804.78,86864.43,86804.78,86864.43,0.10246
1763692800000,86766.06,86788.75,86111.06,86205.5,0.0479
1763693100000,86205.53,86515.32,86111.07,86515.18,0.00235
1763693400000,86513.53,86513.53,86000.0,86345.86,0.42736
1763693700000,86000.01,86127.97,85700.0,85743.66,2.95782
1763694000000,86074.02,86075.72,85687.7,85909.59,0.03247
1763694300000,85913.55,86244.33,85913.55,85955.61,0.01833
1763694600000,86240.88,86240.88,85709.1,85709.1,0.0007
1763694900000,86073.09,86073.09,85635.64,85635.64,0.02317
1763695200000,85625.92,85940.16,85550.7,85550.7,0.01562
1763695500000,85540.09,85810.09,85501.0,85810.09,0.26161
1763695800000,85679.93,85779.3,85679.93,85779.3,0.0027
1763696100000,86062.98,86062.98,86062.98,86062.98,0.00025
1763696400000,86063.91,86264.86,86063.91,86264.86,0.00232
1763696700000,86253.34,86253.34,86253.34,86253.34,0.00116
1763697000000,86167.3,86167.3,86167.06,86167.06,0.0006
1763697300000,85887.71,85888.83,85887.71,85888.83,0.00421
1763697600000,86090.75,86090.75,85799.37,85799.37,0.00055
1763697900000,85799.49,86009.66,85799.49,85850.87,0.00953
1763698200000,85847.61,85953.17,85680.85,85943.02,0.00071
1763698500000,85930.21,85930.21,85808.0,85808.0,0.01233
1763698800000,85833.87,85833.87,85833.87,85833.87,6e-05
1763699100000,85998.98,85998.98,85998.98,85998.98,0.00017
1763699400000,85958.45,85958.45,85550.7,85550.7,0.12122
1763699700000,85550.7,85694.76,85501.01,85681.69,0.05894
1763700000000,85501.01,85999.79,85501.0,85999.79,0.05302
1763700300000,85999.82,85999.94,85652.96,85999.7,0.04424
1763700600000,86063.99,86063.99,86063.99,86063.99,3e-05
1763700900000,86064.0,86169.17,86064.0,86168.73,0.02233
1763701200000,86169.31,86169.31,86091.81,86169.3,0.00348
1763701500000,86168.47,86298.47,85948.46,85948.46,0.04239
1763701800000,86312.11,86326.89,86191.85,86326.89,0.00237
1763702100000,86327.18,86465.97,86327.18,86453.19,0.02161
1763702400000,86453.19,86453.19,86453.19,86453.19,0.00079
1763702700000,86192.37,86403.12,86192.37,86403.12,0.00011
1763703000000,86450.85,86450.85,86195.36,86195.36,0.00087
1763703300000,86449.32,86449.32,86055.36,86223.38,0.02045
1763703600000,85864.78,86340.28,85864.78,86340.28,0.0005
1763703900000,86222.31,86309.56,86222.0,86309.56,0.00011
1763704200000,85901.3,86402.82,85901.3,85961.2,0.00054
1763704500000,85962.39,86413.12,85962.39,86413.12,0.00024
1763704800000,86412.05,86412.05,86195.0,86195.0,0.00651
1763705100000,86267.18,86269.22,85853.18,85853.18,0.0136
1763705400000,86095.79,86309.92,86095.79,86213.64,0.0009
1763705700000,86128.37,86128.37,85800.0,85800.01,0.0011
1763706000000,85800.01,86074.84,85789.0,85984.56,0.03553
1763706300000,85984.01,85984.01,85848.82,85848.82,0.0012
1763706600000,85889.6,85889.6,85881.45,85881.45,0.00121
1763706900000,85701.0,85701.0,85639.45,85639.45,0.14681
1763707200000,85979.77,85979.77,85554.76,85554.76,0.00115
1763707500000,85870.63,85870.81,85870.62,85870.62,0.00441
1763707800000,85868.38,85872.45,85868.38,85872.45,4e-05
1763708100000,85860.6,85860.6,85860.6,85860.6,2e-05
1763708400000,85834.93,85834.93,85550.7,85824.04,0.03802
1763708700000,85670.38,85752.77,85495.63,85752.77,0.0386
1763709000000,85748.12,85748.12,85467.1,85745.25,0.00609
1763709300000,85717.05,85717.05,85423.49,85423.49,0.0074
1763709600000,85423.43,85456.55,85362.05,85456.55,0.16214
1763709900000,85456.55,85456.55,85456.55,85456.55,0.0
1763710200000,85362.04,85362.05,84197.7,84197.7,7.10156
1763710500000,84197.71,84749.86,84035.98,84390.3,0.31211
1763710800000,84036.1,84749.54,84036.1,84683.79,0.22141
1763711100000,84312.19,84312.19,84035.97,84035.97,0.01452
1763711400000,84334.09,84363.42,84334.09,84363.42,0.00063
1763711700000,84035.97,84319.13,84035.97,84276.29,0.00095
1763712000000,84294.97,84294.97,84000.0,84000.0,0.04255
1763712300000,84293.97,84294.0,84293.94,84294.0,0.67192
1763712600000,84533.24,84683.72,84533.24,84683.72,0.05
1763712900000,84683.72,84683.78,84517.06,84683.78,0.0028
1763713200000,84680.79,84680.79,84365.12,84365.12,0.00038
1763713500000,84683.09,84683.09,84489.57,84489.57,0.00125
1763713800000,84509.49,84509.49,84272.6,84272.6,0.01437
1763714100000,84380.2,84380.2,84098.68,84264.26,0.01985
1763714400000,84029.68,84088.3,83880.68,83880.68,0.0944
1763714700000,83880.68,84104.01,83880.68,83926.69,0.00164
1763715000000,83846.89,83846.89,83755.24,83822.68,0.00253
1763715300000,83822.68,83998.99,83717.36,83717.36,0.04026
1763715600000,83756.27,84133.21,83756.27,84133.19,0.04094
1763715900000,84133.19,84133.19,84133.19,84133.19,0.0
1763716200000,83711.41,83715.68,83711.41,83715.68,0.00017
1763716500000,83715.68,83715.68,83715.68,83715.68,0.0
1763716800000,83736.0,83755.45,83456.78,83456.78,0.10476
1763717100000,83421.0,83421.0,83211.27,83211.27,0.08084
1763717400000,83335.0,83335.0,82879.9,83148.46,0.29784
1763717700000,83149.17,83149.17,82752.29,82752.29,0.0288
1763718000000,82743.28,82743.28,82610.96,82613.74,1.83435
1763718300000,82858.33,82907.14,82567.42,82567.42,0.02584
1763718600000,82759.91,82759.91,82222.0,82222.0,0.15146
1763718900000,82245.0,82357.6,82213.87,82214.25,0.01708
1763719200000,82213.82,82357.31,81896.0,82121.37,0.09116
1763719500000,82121.36,82264.13,81872.12,82184.84,0.0132
1763719800000,82357.59,82518.44,82357.59,82403.58,0.01952
1763720100000,82395.89,82395.89,81781.21,82197.28,0.40288
1763720400000,82315.61,82315.61,82001.18,82258.61,0.12612
1763720700000,82511.01,82511.02,82078.01,82078.01,0.06586
1763721000000,82491.09,82652.63,82491.09,82652.63,0.00628
1763721300000,82737.51,82973.9,82524.36,82524.36,0.03215
1763721600000,82862.28,82862.28,82862.28,82862.28,6e-05
1763721900000,82862.28,82862.28,82862.28,82862.28,0.0
1763722200000,82500.01,82857.06,82500.0,82857.05,0.00279
1763722500000,82857.05,82857.05,82857.05,82857.05,0.0
1763722800000,82895.27,82974.0,82895.27,82974.0,0.0003
1763723100000,82974.0,83365.96,82974.0,83292.76,0.00612
1763723400000,83160.47,83364.86,83037.74,83240.74,0.00127
1763723700000,83175.7,83175.7,83000.0,83000.0,0.00017
1763724000000,83049.99,83050.0,83049.99,83050.0,0.01496
1763724300000,83004.42,83284.25,83004.42,83284.25,0.00088
1763724600000,82932.17,83196.68,82932.16,82935.55,0.03784
1763724900000,83065.13,83065.13,82737.53,82737.58,0.08176
1763725200000,82926.49,82926.49,82500.01,82500.01,0.03478
1763725500000,82694.66,82694.66,82500.0,82500.0,0.02392
1763725800000,82245.87,82545.26,82245.87,82542.94,0.00138
1763726100000,82540.8,82543.69,82507.56,82507.56,0.00189
1763726400000,82507.86,82631.65,82233.3,82233.3,0.11105
1763726700000,82394.81,82394.81,82082.03,82291.3,0.01362
1763727000000,82290.4,82444.52,82288.92,82444.52,0.00777
1763727300000,82432.86,82432.86,82000.01,82000.02,0.01849
1763727600000,82000.01,82190.95,81000.0,81290.44,0.83394
1763727900000,81290.3,81475.82,80811.38,80981.58,0.98812
1763728200000,81063.02,81949.98,80862.57,81506.53,0.85724
1763728500000,81823.62,82784.0,81823.62,82784.0,0.14586
1763728800000,82928.0,82974.0,82928.0,82974.0,0.00102
1763729100000,83045.24,83423.58,82974.42,82974.42,0.38747
1763729400000,83443.99,83571.96,83278.86,83571.96,0.00688
1763729700000,83571.57,83571.57,83150.27,83266.69,0.11399
1763730000000,83445.89,83571.88,83219.39,83470.48,0.02263
1763730300000,83419.82,83802.68,83419.82,83802.68,0.05405
1763730600000,83838.69,83838.69,83700.61,83838.69,0.27369
1763730900000,83874.75,84346.78,83874.75,84290.84,0.01747
1763731200000,83941.16,84155.06,83755.25,83915.4,0.02042
1763731500000,83755.24,83755.24,83571.96,83715.42,0.11535
1763731800000,83358.27,83704.75,83358.27,83704.75,0.00056
1763732100000,83489.59,84097.33,83489.59,84097.33,0.10415
1763732400000,84096.61,84174.18,84095.97,84174.18,0.11385
1763732700000,84266.93,84348.06,83975.42,84169.88,0.03216
1763733000000,84367.57,84382.0,84367.57,84382.0,0.00507
1763733300000,84382.0,84382.0,84382.0,84382.0,0.0
1763733600000,84367.67,84367.67,84067.88,84134.95,0.00982
1763733900000,84131.88,84215.3,83782.7,84213.68,0.02289
1763734200000,84385.91,84385.91,83961.27,84200.6,0.03136
1763734500000,84080.98,84080.98,83652.12,83652.12,0.46999
1763734800000,83892.86,83998.66,83892.86,83998.66,0.00153
1763735100000,83966.64,83966.64,83966.32,83966.32,0.00714
1763735400000,84268.72,84791.95,84268.72,84791.95,0.1694
1763735700000,84791.96,85153.47,84703.0,85093.17,0.55917
1763736000000,85093.11,85279.77,84937.55,84937.55,0.00519
1763736300000,85154.61,85154.62,84257.1,84553.26,0.0639
1763736600000,84722.48,85500.0,84722.48,85499.91,0.05537
1763736900000,85499.77,85499.99,84953.76,84953.76,0.03072
1763737200000,85200.25,85200.25,84442.92,84773.33,0.03743
1763737500000,84772.69,84772.69,84640.6,84640.6,0.0724
1763737800000,84284.91,84602.25,84213.77,84416.07,0.01965
1763738100000,84415.94,84415.95,84000.0,84276.84,0.0898
1763738400000,83970.33,84027.22,83766.76,83768.36,0.00384
1763738700000,84204.84,84204.85,83662.13,83662.13,0.07783
1763739000000,83652.11,84026.78,83500.0,83500.0,0.14884
1763739300000,83400.01,83400.01,83244.83,83244.83,0.00695
1763739600000,83045.25,83244.83,82784.11,83244.83,0.34545
1763739900000,83200.0,83521.34,83143.22,83521.34,0.01727
1763740200000,83480.83,83480.83,83022.72,83099.72,0.01098
1763740500000,83100.0,83294.79,83000.0,83118.16,0.10575
1763740800000,82784.38,83186.29,82470.91,82470.91,0.08221
1763741100000,82471.06,83044.42,82325.14,83044.42,0.0706
1763741400000,82678.74,83043.6,82678.74,82942.42,0.01924
1763741700000,82722.1,83079.16,82518.93,82518.93,0.21171
1763742000000,83110.04,83281.36,83109.91,83281.36,0.03834
1763742300000,83109.91,83109.91,83109.91,83109.91,0.001
1763742600000,83301.24,83404.54,83042.82,83273.67,0.04075
1763742900000,83382.27,83755.24,83382.27,83755.24,0.17156
1763743200000,83757.21,83757.21,83307.82,83307.82,0.04752
1763743500000,83581.16,83757.49,83171.75,83757.49,0.06733
1763743800000,83835.48,84533.24,83835.48,84316.08,0.13708
1763744100000,84533.24,84818.33,84533.24,84818.33,0.0155
1763744400000,84853.97,84935.34,84527.75,84935.34,0.00285
1763744700000,84977.33,85498.43,84819.47,85498.43,0.12188
1763745000000,84916.57,85415.81,84916.57,85338.74,0.00528
1763745300000,85338.64,85498.43,84997.32,85405.25,0.01082
1763745600000,85003.29,85307.67,85003.29,85307.67,0.00882
1763745900000,85497.11,85517.0,85278.68,85278.68,0.01029
1763746200000,85361.57,85504.88,85108.33,85504.88,0.01359
1763746500000,85549.67,85549.67,85465.01,85465.01,0.01009
1763746800000,85006.57,85329.71,85006.57,85009.4,0.00366
1763747100000,85009.4,85009.4,85009.4,85009.4,0.0
1763747400000,85072.74,85400.92,84903.09,84903.09,0.03146
1763747700000,84786.88,85110.67,84786.88,85109.63,0.00888
1763748000000,85070.83,85070.83,84268.79,84268.79,0.07144
1763748300000,84167.95,84372.37,83855.14,83855.14,0.04946
1763748600000,83817.56,84071.47,83572.02,83572.02,0.00984
1763748900000,83802.69,83802.69,83398.79,83398.79,0.00147
1763749200000,83398.76,83570.16,83398.76,83399.02,0.148
1763749500000,83711.56,84098.68,83711.56,84098.68,0.04498
1763749800000,84167.12,84385.79,83826.77,84385.58,0.10094
1763750100000,84385.7,84533.24,84288.98,84533.24,0.0062
1763750400000,84327.0,84481.35,84090.44,84481.35,0.22196
1763750700000,84252.95,85000.0,84252.95,84852.51,0.05524
1763751000000,85030.64,85040.15,84521.21,84536.33,0.00321
1763751300000,84940.17,84940.17,84722.49,84778.6,0.00157
1763751600000,84778.06,84778.06,84536.0,84655.16,0.31413
1763751900000,84655.1,84908.94,84600.0,84908.94,0.05491
1763752200000,84908.86,84908.86,84338.16,84727.06,0.01006
1763752500000,84727.06,84727.06,84727.06,84727.06,0.0
1763752800000,84943.04,84943.04,84729.5,84729.5,0.04033
1763753100000,85009.62,85009.62,85008.96,85008.96,0.00116
1763753400000,85008.95,85009.57,84727.06,84931.86,0.00524
1763753700000,84800.0,84837.43,84800.0,84837.43,0.01814
1763754000000,84800.0,84802.35,84556.48,84568.99,0.05635
1763754300000,84286.85,84491.35,84268.79,84268.79,0.08359
1763754600000,84466.06,84466.06,84098.68,84098.68,0.01449
1763754900000,84447.39,84447.39,84389.21,84389.21,0.00014
1763755200000,84387.54,84423.79,84386.41,84422.96,0.00048
1763755500000,84150.0,84296.21,83946.88,84072.34,0.03131
1763755800000,84071.76,84360.48,83758.67,84337.39,0.45147
1763756100000,84197.15,84230.0,84141.0,84141.0,5.50733
1763756400000,83778.28,84121.26,83778.28,84119.43,0.00158
1763756700000,83755.31,83811.62,83740.0,83740.0,0.0264
1763757000000,83851.69,83851.69,83652.11,83652.11,0.00276
1763757300000,84039.84,84430.4,84039.84,84430.4,0.00376
1763757600000,84301.2,84301.2,83935.39,83935.39,0.00168
1763757900000,84357.06,84683.71,84357.06,84683.71,0.00402
1763758200000,84645.56,84645.56,84645.52,84645.52,0.00208
1763758500000,84683.65,84683.65,84683.65,84683.65,0.00067
1763758800000,84683.79,84734.6,84683.79,84734.6,4e-05
1763759100000,84734.58,84734.61,84402.9,84733.9,0.05493
1763759400000,84734.59,84774.02,84734.59,84772.7,0.00193
1763759700000,84772.43,84772.65,84758.46,84758.46,0.0375
1763760000000,84755.97,84996.43,84755.97,84995.59,0.14821
1763760300000,84836.37,84994.5,84836.37,84994.5,0.00458
1763760600000,84978.35,85108.74,84978.35,85108.74,0.0539
1763760900000,84872.38,85279.77,84872.38,85228.65,0.00165
1763761200000,85123.65,85324.82,85123.65,85324.82,0.0325
1763761500000,85329.51,85400.88,85122.79,85400.86,0.02356
1763761800000,85400.92,85400.92,85179.76,85400.77,0.06702
1763762100000,85400.77,85400.77,85400.77,85400.77,0.0
1763762400000,85315.97,85420.0,85315.97,85420.0,0.30267
1763762700000,85488.87,85489.12,85420.0,85488.66,1.47518
1763763000000,85488.91,85488.96,85420.0,85420.0,3.19471
1763763300000,85420.0,85517.71,85091.04,85500.0,4.33379
1763763600000,85500.0,85514.15,85000.04,85453.26,2.40301
1763763900000,85000.02,85451.19,85000.02,85000.11,0.00323
1763764200000,85157.15,85180.19,84677.29,85127.08,0.04443
1763764500000,84677.29,84968.83,84677.29,84677.29,0.0297
1763764800000,84960.15,84960.17,84677.29,84959.3,0.01453
1763765100000,84783.3,85199.48,84677.29,84804.44,0.102
1763765400000,84677.29,84817.01,84533.24,84761.91,0.00425
1763765700000,84761.28,84761.28,84266.28,84266.28,0.02666
1763766000000,84266.82,84484.24,84266.82,84407.63,0.04618
1763766300000,84469.76,84469.76,84369.04,84369.04,0.00032
1763766600000,84369.02,84625.71,84369.02,84622.63,0.01067
1763766900000,84754.63,84754.63,84754.35,84754.35,0.00497
1763767200000,84967.25,84967.38,84967.1,84967.1,0.00077
1763767500000,84967.39,85040.45,84967.39,85040.45,0.00126
1763767800000,85040.45,85199.62,85040.45,85199.58,0.007
1763768100000,85199.59,85199.59,85148.0,85181.92,0.07722
1763768400000,85199.62,85305.35,85092.37,85305.35,0.25158
1763768700000,85305.21,85414.09,85127.18,85307.07,0.00386
1763769000000,85307.04,85307.04,85298.92,85298.92,0.0007
1763769300000,84968.02,85277.77,84968.02,85003.21,0.00082
1763769600000,85004.36,85414.05,85004.36,85414.05,0.02063
1763769900000,85413.8,85486.03,85108.84,85486.03,0.00284
1763770200000,85453.57,85572.35,85453.57,85572.35,0.00256
1763770500000,85473.75,85571.41,85243.31,85500.31,0.01963
1763770800000,85127.27,85132.76,85127.27,85132.76,0.00038
1763771100000,85342.54,85342.54,85000.0,85000.0,0.00162
1763771400000,85099.8,85206.05,85099.8,85205.84,0.0009
1763771700000,85205.71,85369.7,84952.16,85369.7,0.00176
1763772000000,84964.96,85247.81,84964.96,85247.81,0.00162
1763772300000,85001.0,85033.69,84785.49,85032.56,0.04261
1763772600000,84724.12,84986.33,84724.12,84724.12,0.55782
1763772900000,84888.39,84888.39,84724.5,84887.95,0.00081
1763773200000,84888.19,85053.02,84724.12,84726.13,0.66728
1763773500000,84728.43,84728.52,84724.12,84724.12,0.15728
1763773800000,84724.12,84907.42,84724.12,84800.0,0.03159
1763774100000,84906.94,84906.94,84906.94,84906.94,9e-05
1763774400000,85033.95,85125.38,84900.0,85082.93,0.00311
1763774700000,85082.32,85082.32,84741.38,84741.38,0.00081
1763775000000,84745.61,85257.01,84745.61,85257.01,0.10503
1763775300000,85251.09,85251.1,85251.09,85251.1,0.00059
1763775600000,84980.71,85174.24,84926.18,85173.57,0.0535
1763775900000,85172.99,85172.99,84928.34,85170.83,0.00038
1763776200000,85170.33,85269.48,85170.32,85269.48,0.00212
1763776500000,85050.0,85268.1,84942.72,85268.1,0.00019
1763776800000,85265.47,85265.47,85003.6,85003.6,0.00074
1763777100000,85262.39,85262.4,84971.35,85081.01,0.01736
1763777400000,85080.98,85080.98,84997.85,84997.85,0.00199
1763777700000,84754.78,84880.66,84642.59,84880.66,0.25183
1763778000000,84643.27,84875.6,84625.47,84625.47,0.00189
1763778300000,84870.2,84870.2,84870.2,84870.2,2e-05
1763778600000,84871.46,84871.46,84533.24,84533.24,0.00884
1763778900000,84697.3,84697.3,84674.18,84674.18,0.00123
1763779200000,84568.01,84568.01,84568.01,84568.01,6e-05
1763779500000,84559.41,84559.41,84559.41,84559.41,0.001
1763779800000,84538.95,84538.95,84538.95,84538.95,0.00024
1763780100000,84289.88,84500.0,84289.88,84499.99,0.00432
1763780400000,84499.99,84499.99,84499.99,84499.99,0.00053
1763780700000,84494.89,84740.24,84494.89,84740.24,0.06151
1763781000000,84723.92,84723.92,84722.98,84722.98,0.00189
1763781300000,84722.82,84722.82,84707.81,84707.81,0.00074
1763781600000,84393.37,84393.37,84393.37,84393.37,0.00065
1763781900000,84393.37,84393.37,84185.11,84393.37,0.01193
1763782200000,84508.16,84508.18,84508.05,84508.12,0.00173
1763782500000,84573.08,84573.08,84269.28,84479.92,0.00133
1763782800000,84451.1,84451.1,84451.1,84451.1,5e-05
1763783100000,84450.13,84450.14,84231.72,84231.72,0.00092
1763783400000,84465.04,84465.25,84465.04,84465.25,0.0004
1763783700000,84465.07,84609.32,84214.14,84609.32,0.01541
1763784000000,84608.16,84608.16,84459.35,84459.35,0.0034
1763784300000,84456.25,84456.25,84200.07,84200.07,0.00122
1763784600000,84453.41,84453.41,84061.33,84061.33,0.22178
1763784900000,84061.37,84061.37,83970.33,83970.33,0.34331
1763785200000,84196.09,84258.26,83933.97,83933.97,0.01453
1763785500000,84324.11,84324.11,83985.79,83985.79,0.00036
1763785800000,84235.48,84235.48,84232.55,84232.55,0.05843
1763786100000,83919.88,84192.76,83919.79,83919.79,0.06908
1763786400000,83920.01,83920.01,83920.01,83920.01,3e-05
1763786700000,83920.01,83920.01,83920.01,83920.01,0.0
1763787000000,84227.68,84327.7,84227.68,84327.7,0.00128
1763787300000,84327.7,84327.7,84327.7,84327.7,0.0
1763787600000,84344.37,84345.72,84343.48,84343.48,0.00359
1763787900000,84345.54,84345.54,84343.74,84343.74,0.001
1763788200000,84343.03,84343.03,84342.38,84342.38,0.00252
1763788500000,84305.02,84305.02,84239.97,84239.97,0.00412
1763788800000,84000.0,84000.0,84000.0,84000.0,0.00018
1763789100000,84000.0,84182.03,84000.0,84182.03,0.14123
1763789400000,84182.03,84182.03,83973.56,83999.99,0.00338
1763789700000,84000.0,84000.0,83921.55,83921.55,0.00079
1763790000000,84159.97,84159.97,83919.79,83919.79,0.01868
1763790300000,84154.42,84280.8,84098.99,84280.8,0.08499
1763790600000,83940.67,83940.67,83940.67,83940.67,3e-05
1763790900000,84227.16,84342.32,84227.16,84342.32,0.00055
1763791200000,84297.56,84297.56,84297.56,84297.56,0.00016
1763791500000,84341.57,84341.96,84341.57,84341.96,0.00041
1763791800000,84337.35,84337.35,84336.99,84336.99,0.00022
1763792100000,84123.78,84361.7,84123.78,84361.7,0.02464
1763792400000,84392.11,84532.5,84283.01,84532.5,0.0003
1763792700000,84350.98,84533.24,84350.98,84533.24,0.03344
1763793000000,84533.28,84743.8,84533.28,84743.8,0.04432
1763793300000,84710.0,84795.49,84626.78,84626.78,0.03619
1763793600000,84795.46,84795.46,84574.17,84789.83,0.01676
1763793900000,84576.56,84581.28,84576.56,84579.77,0.04025
1763794200000,84579.77,84582.59,84579.77,84582.59,0.00279
1763794500000,84778.21,84782.39,84778.21,84782.39,0.00019
1763794800000,84782.37,84782.37,84778.46,84778.46,0.00112
1763795100000,84775.82,84775.82,84579.8,84579.8,0.01185
1763795400000,84757.38,84757.38,84579.74,84691.57,0.04568
1763795700000,84690.93,84690.93,84690.93,84690.93,4e-05
1763796000000,84771.17,84771.17,84771.17,84771.17,3e-05
1763796300000,84771.17,84771.17,84771.17,84771.17,0.0
1763796600000,84771.17,84771.17,84771.17,84771.17,0.0
1763796900000,84771.17,84771.17,84771.17,84771.17,0.0
1763797200000,84771.17,84771.17,84771.17,84771.17,0.0
1763797500000,84652.78,84730.1,84503.77,84730.1,0.0064
1763797800000,84725.83,84725.84,84550.06,84550.06,0.04807
1763798100000,84722.86,84722.86,84722.86,84722.86,3e-05
1763798400000,84725.87,84725.87,84500.0,84665.02,0.00106
1763798700000,84651.25,84651.25,84651.25,84651.25,0.00035
1763799000000,84375.51,84375.51,84375.51,84375.51,0.00116
1763799300000,84639.28,84639.28,84364.77,84364.77,0.02576
1763799600000,84491.83,84491.83,84491.83,84491.83,9e-05
1763799900000,84491.83,84491.83,84491.83,84491.83,0.0
1763800200000,84170.1,84170.1,84098.68,84098.68,0.00021
1763800500000,84029.06,84029.06,84029.06,84029.06,0.00088
1763800800000,83952.35,83952.35,83952.35,83952.35,0.00839
1763801100000,84228.68,84228.68,84228.68,84228.68,0.00059
1763801400000,84210.22,84210.22,84210.22,84210.22,0.00018
1763801700000,84207.85,84207.85,83963.68,83963.68,0.00033
1763802000000,84226.69,84226.69,84226.43,84226.43,0.00373
1763802300000,84002.42,84222.55,84002.42,84222.55,0.01068
1763802600000,84005.08,84347.77,84005.08,84099.82,0.00024
1763802900000,84099.82,84099.82,84099.82,84099.82,0.0
1763803200000,84000.0,84212.49,84000.0,84209.8,0.02676
1763803500000,84209.8,84209.8,84209.8,84209.8,0.0
1763803800000,84209.8,84209.8,84209.8,84209.8,0.0
1763804100000,83997.42,84460.41,83997.42,84459.47,0.0035
1763804400000,83880.0,83880.0,83880.0,83880.0,0.03642
1763804700000,83880.0,83880.0,83880.0,83880.0,0.0
1763805000000,84145.12,84145.12,84145.12,84145.12,0.00066
1763805300000,84145.12,84145.12,84145.12,84145.12,0.0
1763805600000,84117.08,84117.08,84116.26,84116.26,0.00322
1763805900000,84115.06,84115.06,84115.06,84115.06,6e-05
1763806200000,84114.31,84114.31,84114.31,84114.31,5e-05
1763806500000,83957.65,84228.16,83957.65,84228.16,0.00013
1763806800000,84108.34,84108.34,83869.34,83869.34,0.02002
1763807100000,83817.56,83863.31,83686.24,83863.31,0.00279
1763807400000,83860.22,83860.22,83860.22,83860.22,2e-05
1763807700000,83862.86,83862.86,83862.86,83862.86,9e-05
1763808000000,83652.11,83652.11,83652.11,83652.11,2e-05
1763808300000,83573.93,83577.18,83573.93,83577.18,0.00038
1763808600000,83760.92,83760.92,83571.96,83571.96,0.00657
1763808900000,83571.96,83571.96,83571.96,83571.96,0.0
1763809200000,83943.09,83943.09,83943.09,83943.09,9e-05
1763809500000,83829.51,84134.9,83829.51,84134.9,0.00131
1763809800000,84133.38,84133.38,84131.9,84131.9,0.00083
1763810100000,83831.13,83831.13,83831.13,83831.13,9e-05
1763810400000,83831.13,83831.13,83831.13,83831.13,0.0
1763810700000,84123.25,84251.09,84122.98,84251.09,0.04168
1763811000000,84268.67,84268.67,84047.26,84047.84,0.0032
1763811300000,84268.76,84332.94,84268.76,84332.94,0.01581
1763811600000,84119.08,84122.86,84119.08,84122.86,0.00089
1763811900000,84122.86,84122.86,84122.86,84122.86,0.0
1763812200000,84122.86,84122.86,84122.86,84122.86,0.0
1763812500000,84125.27,84125.27,84122.86,84122.86,0.00048
1763812800000,84304.83,84304.83,84294.86,84294.86,0.00077
1763813100000,84260.24,84260.24,83755.24,83755.24,0.06689
1763813400000,83745.85,84107.0,83745.85,83965.83,0.00081
1763813700000,83965.83,83965.83,83965.83,83965.83,0.0
1763814000000,83924.06,83924.06,83924.06,83924.06,0.01
1763814300000,83919.1,83919.1,83652.11,83652.11,0.00802
1763814600000,83858.78,83858.78,83857.8,83857.8,0.00121
1763814900000,83857.8,83857.8,83857.8,83857.8,0.0
1763815200000,83603.94,83603.94,83603.94,83603.94,2e-05
1763815500000,83609.91,83609.91,83609.91,83609.91,9e-05
1763815800000,83838.02,83963.09,83838.02,83960.5,0.01597
1763816100000,83958.47,83958.47,83958.47,83958.47,0.00012
1763816400000,83954.13,83954.13,83573.73,83573.73,0.00021
1763816700000,83573.73,83573.73,83573.73,83573.73,0.0
1763817000000,83941.1,84156.73,83941.1,84154.18,0.00161
1763817300000,84151.32,84151.32,84151.32,84151.32,0.00012
1763817600000,83905.18,84143.2,83905.18,84142.35,0.00187
1763817900000,84025.55,84025.55,84025.55,84025.55,0.00011
1763818200000,84025.55,84025.55,84025.55,84025.55,0.0
1763818500000,84009.75,84009.75,83657.43,83657.43,0.00261
1763818800000,83659.14,83659.14,83659.14,83659.14,0.00011
1763819100000,83958.88,84024.6,83958.44,84024.6,0.00566
1763819400000,83957.6,84107.98,83957.6,84107.98,0.00071
1763819700000,84107.98,84107.98,84107.98,84107.98,0.0
1763820000000,84087.55,84167.94,84087.55,84167.94,0.00599
1763820300000,84167.94,84268.77,84167.94,84268.77,0.01697
1763820600000,84268.25,84332.48,84007.53,84332.48,0.01572
1763820900000,84458.41,84729.88,84441.28,84596.41,0.12781
1763821200000,84677.2,84677.2,84283.89,84283.89,0.00069
1763821500000,84286.56,84729.09,84286.56,84729.09,0.03946
1763821800000,84725.78,84725.78,84719.58,84719.58,0.00011
1763822100000,84419.27,84714.04,84419.27,84714.04,0.00022
1763822400000,84562.68,84562.68,84399.13,84399.13,0.00025
1763822700000,84380.37,84506.08,84380.37,84380.37,1.03003
1763823000000,84509.43,84509.43,84390.04,84390.04,0.00082
1763823300000,84390.04,84390.04,84390.04,84390.04,0.0
1763823600000,84665.01,84665.01,84269.39,84661.59,0.05265
1763823900000,84272.68,84621.03,84272.68,84584.41,0.01305
1763824200000,84540.31,84540.31,84535.23,84535.23,0.00136
1763824500000,84532.37,84532.37,84532.37,84532.37,0.00024
1763824800000,84569.39,84569.39,84291.22,84291.22,0.00011
1763825100000,84561.65,84561.65,84560.05,84560.05,0.00139
1763825400000,84559.15,84559.15,84301.24,84552.72,0.06223
1763825700000,84552.42,84552.42,84294.94,84294.94,0.01201
1763826000000,84173.98,84264.23,84086.81,84264.23,0.00863
1763826300000,84030.9,84246.31,84029.5,84029.99,0.00158
1763826600000,84244.95,84244.95,84241.8,84241.8,0.07486
1763826900000,84238.92,84241.8,84238.92,84241.8,0.03057
1763827200000,84455.07,84455.07,84453.0,84453.0,0.00026
1763827500000,84439.9,84616.38,84438.69,84615.35,0.00555
1763827800000,84624.51,84683.66,84311.42,84683.66,0.00208
1763828100000,84682.86,84683.59,84342.62,84683.59,0.00785
1763828400000,84681.63,84681.63,84677.56,84677.56,0.00049
1763828700000,84683.61,84683.61,84682.45,84682.45,0.00058
1763829000000,84682.45,84682.45,84682.45,84682.45,0.0
1763829300000,84683.33,84683.33,84428.48,84428.48,0.0004
1763829600000,84683.63,84683.79,84683.44,84683.79,0.01258
1763829900000,84795.57,84874.64,84646.3,84646.3,0.03554
1763830200000,84774.51,84830.87,84774.51,84830.87,0.00102
1763830500000,84829.37,84829.37,84829.37,84829.37,9e-05
1763830800000,84826.63,84826.63,84561.82,84561.82,0.05527
1763831100000,84533.22,84748.34,84475.52,84748.34,0.00212
1763831400000,84748.24,84748.24,84475.5,84475.65,0.02201
1763831700000,84660.8,84660.8,84659.61,84659.61,0.00224
1763832000000,84656.98,84659.04,84655.9,84659.04,0.00196
1763832300000,84736.2,84813.01,84736.2,84813.01,0.00051
1763832600000,84814.52,84814.52,84493.67,84810.26,0.0069
1763832900000,84789.16,84789.16,84504.54,84504.54,0.00094
1763833200000,84769.49,84769.49,84766.61,84766.61,0.00595
1763833500000,84766.61,84766.61,84766.61,84766.61,0.0
1763833800000,84709.36,84709.36,84500.72,84702.95,0.00125
1763834100000,84698.59,84698.59,84698.59,84698.59,1e-05
1763834400000,84767.47,84767.47,84503.73,84742.6,0.0004
1763834700000,84504.24,84720.84,84457.17,84457.36,0.00662
1763835000000,84457.41,84793.55,84457.41,84789.65,0.00967
1763835300000,84788.86,84788.86,84481.74,84483.81,0.00644
1763835600000,84484.54,84777.5,84484.54,84771.05,0.00232
1763835900000,84500.6,84750.44,84500.6,84750.44,0.00127
1763836200000,84750.44,84750.44,84750.44,84750.44,0.0
1763836500000,84750.44,84750.44,84750.44,84750.44,0.0
1763836800000,84695.09,84695.09,84481.84,84482.82,0.00196
1763837100000,84686.72,84686.72,84678.81,84678.81,0.00495
1763837400000,84502.66,84714.35,84502.66,84714.35,0.0002
1763837700000,84504.62,84719.68,84504.62,84719.68,0.01485
1763838000000,84719.12,84719.41,84518.28,84713.62,0.04457
1763838300000,84710.95,84788.4,84710.94,84788.4,0.01993
1763838600000,84788.38,84788.38,84786.95,84786.95,0.01348
1763838900000,84788.33,84788.33,84788.33,84788.33,0.0001
1763839200000,84788.41,84788.41,84788.1,84788.34,0.03037
1763839500000,84785.16,84785.16,84582.68,84775.52,0.01083
1763839800000,84775.52,84775.52,84775.52,84775.52,0.0
1763840100000,84584.83,84761.32,84582.7,84582.7,0.00029
1763840400000,84582.68,84582.68,84582.68,84582.68,0.03881
1763840700000,84735.9,84735.9,84735.9,84735.9,9e-05
1763841000000,84735.22,84735.31,84735.22,84735.31,0.01318
1763841300000,84545.2,84545.44,84545.2,84545.44,0.00042
1763841600000,84778.09,84788.43,84776.87,84788.42,0.03204
1763841900000,84788.39,84788.39,84591.0,84787.02,0.00361
1763842200000,84786.02,84788.4,84597.55,84788.38,0.00216
1763842500000,84788.33,84788.37,84787.0,84787.0,0.02338
1763842800000,84788.14,84788.14,84787.98,84787.98,0.06799
1763843100000,84786.98,84786.98,84786.98,84786.98,2e-05
1763843400000,84786.92,84786.96,84634.07,84784.52,0.01102
1763843700000,84762.38,84762.38,84530.76,84530.76,0.00043
1763844000000,84530.31,84530.35,84530.3,84530.3,0.01622
1763844300000,84530.3,84665.47,84405.92,84405.92,0.0185
1763844600000,84556.25,84556.25,84321.53,84321.53,0.09454
1763844900000,84321.49,84321.49,84321.49,84321.49,0.00011
1763845200000,84598.44,84598.44,84598.44,84598.44,0.00118
1763845500000,84598.41,84598.41,84334.32,84596.91,0.00672
1763845800000,84594.53,84594.53,84523.18,84523.18,0.00086
1763846100000,84519.58,84519.58,84176.33,84176.33,0.01918
1763846400000,84509.23,84509.23,84509.23,84509.23,0.00247
1763846700000,84499.19,84499.19,84499.19,84499.19,0.01183
1763847000000,84500.31,84500.31,84218.73,84489.24,0.00353
1763847300000,84223.18,84223.18,84223.18,84223.18,9e-05
1763847600000,84475.66,84552.2,84227.36,84551.71,0.04946
1763847900000,84547.72,84547.72,84280.83,84542.36,0.00207
1763848200000,84526.61,84526.61,84526.61,84526.61,0.00015
1763848500000,84523.4,84523.4,84294.07,84519.75,0.00025
1763848800000,84516.62,84516.62,84305.28,84507.71,0.03744
1763849100000,84504.78,84504.78,84306.87,84491.19,0.06803
1763849400000,84481.6,84670.29,84481.6,84670.29,0.02242
1763849700000,84372.32,84669.47,84372.32,84669.47,0.0002
1763850000000,84696.26,84696.26,84696.26,84696.26,9e-05
1763850300000,84464.03,84701.32,84464.03,84701.32,0.00039
1763850600000,84701.11,84701.34,84701.11,84701.34,0.0005
1763850900000,84701.33,84701.35,84498.48,84701.35,0.03705
1763851200000,84785.84,84785.84,84521.57,84784.68,0.00067
1763851500000,84547.27,84581.45,84547.27,84581.45,0.00299
1763851800000,84583.69,85246.26,84583.69,85246.18,0.3543
1763852100000,85251.33,85251.33,85251.33,85251.33,5e-05
1763852400000,85039.93,85251.54,84971.93,85251.46,0.10359
1763852700000,85249.32,85249.32,84888.94,84888.94,0.03688
1763853000000,85076.18,85076.18,85009.84,85009.99,0.00202
1763853300000,85009.99,85119.91,84721.86,84721.86,0.04514
1763853600000,85011.06,85011.06,85011.06,85011.06,5e-05
1763853900000,85008.83,85008.83,85004.36,85004.36,0.00156
1763854200000,85004.36,85004.36,85004.36,85004.36,0.0
1763854500000,85144.5,85144.5,84834.15,84834.15,0.00181
1763854800000,84837.03,84953.29,84746.63,84953.29,0.00836
1763855100000,84953.29,84953.29,84953.29,84953.29,0.0
1763855400000,84937.0,84937.0,84937.0,84937.0,0.00059
1763855700000,84925.77,84925.77,84670.71,84670.71,0.00225
1763856000000,84890.99,85118.64,84636.8,85118.31,0.01409
1763856300000,84736.66,85199.19,84736.66,85199.19,0.00464
1763856600000,85197.69,85197.69,85197.69,85197.69,0.00765
1763856900000,85199.62,85250.32,85199.62,85250.32,0.01523
1763857200000,85250.12,85250.12,85250.12,85250.12,9e-05
1763857500000,85251.64,85274.81,85054.02,85054.5,0.03189
1763857800000,85271.89,85271.89,85000.0,85270.35,0.00688
1763858100000,85268.48,85268.48,84971.23,85150.74,0.025
1763858400000,85149.34,85149.34,84887.38,84888.68,0.01518
1763858700000,85078.31,85078.31,84891.11,85044.24,0.00263
