ts,open,high,low,close,volume
1763234400000,96218.92,96218.92,96158.13,96158.13,0.10545
1763234700000,96208.35,96208.35,96208.35,96208.35,0.10393
1763235000000,96203.19,96203.19,96196.32,96196.32,0.00154
1763235300000,96196.32,96196.32,96196.32,96196.32,0.0
1763235600000,96181.21,96181.21,95951.37,95951.37,0.0006
1763235900000,96168.61,96168.61,96160.53,96160.53,0.01362
1763236200000,96153.97,96153.97,96153.97,96153.97,0.00659
1763236500000,96156.97,96156.97,96156.85,96156.85,0.00109
1763236800000,96156.3,96156.3,95964.7,96152.58,0.02809
1763237100000,96152.19,96152.19,96141.19,96141.19,0.0019
1763237400000,96138.98,96138.98,95954.01,95954.01,0.00461
1763237700000,96129.47,96129.47,95847.93,95998.06,0.06268
1763238000000,95998.06,95998.06,95998.06,95998.06,0.0
1763238300000,95688.45,95979.62,95688.45,95952.67,0.00025
1763238600000,95952.67,95952.67,95952.67,95952.67,0.0
1763238900000,95686.39,95686.39,95632.08,95632.08,0.00209
1763239200000,95884.86,95884.86,95530.76,95530.76,0.09137
1763239500000,95510.16,95740.84,95500.0,95500.0,0.00442
1763239800000,95450.0,95633.62,95276.86,95276.86,0.00549
1763240100000,95233.82,95412.95,95227.4,95227.4,0.01629
1763240400000,95413.29,95413.29,95410.51,95412.53,0.01195
1763240700000,95412.01,95697.41,95411.99,95695.14,0.01546
1763241000000,95695.14,95695.14,95694.09,95694.1,0.00137
1763241300000,95693.95,95693.95,95693.81,95693.81,0.00174
1763241600000,95696.77,95696.77,95693.26,95693.26,0.00068
1763241900000,95689.48,95689.48,95689.48,95689.48,0.0031
1763242200000,95674.64,95674.64,95273.6,95671.1,0.00669
1763242500000,95635.1,95635.1,95631.75,95631.76,0.00079
1763242800000,95287.86,95619.92,95200.0,95200.0,0.05827
1763243100000,95522.45,95522.45,95203.36,95203.36,0.00018
1763243400000,95200.0,95200.0,95200.0,95200.0,0.00426
1763243700000,95405.53,95405.53,95201.88,95201.88,0.00215
1763244000000,95499.18,95614.19,95499.04,95613.96,0.00119
1763244300000,95614.11,95614.11,95606.28,95606.28,0.00175
1763244600000,95603.57,95603.57,95214.35,95600.74,0.00107
1763244900000,95599.14,95689.99,95599.14,95689.99,0.00258
1763245200000,95346.0,95346.0,95346.0,95346.0,0.00508
1763245500000,95663.28,95663.28,95592.89,95659.38,0.03543
1763245800000,95626.09,95676.33,95418.01,95418.01,0.00664
1763246100000,95670.42,95670.42,95392.38,95631.62,0.01894
1763246400000,95621.88,95621.88,95407.78,95407.78,0.00011
1763246700000,95459.74,95459.74,95447.72,95447.72,0.00069
1763247000000,95537.19,95537.19,95528.14,95534.13,0.0464
1763247300000,95676.43,95676.49,95676.43,95676.49,0.00078
1763247600000,95676.46,95676.46,95676.08,95676.08,0.0006
1763247900000,95675.81,95675.81,95399.42,95672.78,0.00123
1763248200000,95672.51,95672.52,95665.86,95665.87,0.00141
1763248500000,95665.73,95696.63,95413.89,95696.63,0.04382
1763248800000,95696.62,95696.77,95696.62,95696.77,0.00062
1763249100000,95696.73,95810.43,95450.86,95806.95,0.00316
1763249400000,95476.31,95804.19,95476.31,95802.13,0.00419
1763249700000,95801.57,95801.57,95499.39,95798.53,0.00323
1763250000000,95505.21,95797.85,95505.21,95787.11,0.0046
1763250300000,95514.81,95516.05,95514.81,95516.05,5e-05
1763250600000,95519.21,95519.21,95519.21,95519.21,0.09171
1763250900000,95519.21,95519.21,95519.21,95519.21,0.0
1763251200000,95530.85,95811.24,95530.85,95811.15,0.00765
1763251500000,95536.43,95808.27,95534.19,95743.01,0.08349
1763251800000,95348.1,95348.1,95348.1,95348.1,0.00012
1763252100000,95618.95,95618.95,95536.13,95536.13,0.00039
1763252400000,95536.13,95536.13,95536.13,95536.13,0.0
1763252700000,95500.33,95500.33,95500.33,95500.33,0.00058
1763253000000,95498.47,95498.47,95482.17,95482.17,0.0001
1763253300000,95209.18,95478.64,95209.18,95478.64,0.00017
1763253600000,95477.42,95620.9,95477.42,95620.07,0.00941
1763253900000,95221.11,95619.21,95221.11,95617.38,0.00295
1763254200000,95617.11,95617.12,95313.09,95313.67,0.0031
1763254500000,95616.76,95616.76,95615.82,95615.82,9e-05
1763254800000,95609.37,95609.37,95159.67,95160.03,0.08963
1763255100000,95343.02,95343.02,95164.32,95164.32,0.03063
1763255400000,95165.05,95541.62,95165.05,95541.21,0.00689
1763255700000,95270.11,95520.73,95160.29,95520.73,0.00766
1763256000000,95503.3,95503.3,95177.71,95178.46,0.00565
1763256300000,95353.47,95462.68,95347.43,95462.68,0.0496
1763256600000,95250.59,95259.88,95121.93,95121.96,0.0788
1763256900000,95100.95,95100.95,95100.04,95100.04,0.00088
1763257200000,95100.04,95100.04,94999.32,94999.32,0.14002
1763257500000,94999.32,95197.45,94969.48,95197.45,0.03322
1763257800000,95170.48,95427.38,95170.48,95427.38,0.03341
1763258100000,95339.91,95343.94,95115.64,95115.64,0.02816
1763258400000,95492.92,95492.92,95468.03,95468.03,0.00116
1763258700000,95465.54,95567.48,95099.99,95567.48,0.00676
1763259000000,95567.2,95567.2,95207.43,95565.36,0.00055
1763259300000,95564.56,95564.56,95564.56,95564.56,0.00103
1763259600000,95564.56,95564.56,95564.56,95564.56,0.0
1763259900000,95612.57,95782.17,95612.57,95782.17,0.03915
1763260200000,95600.0,95600.0,95580.0,95580.0,0.00135
1763260500000,95600.0,95782.16,95600.0,95782.16,0.00064
1763260800000,95782.16,95782.16,95782.16,95782.16,0.0
1763261100000,95453.69,95848.52,95453.69,95796.0,0.02274
1763261400000,95803.59,95938.84,95782.17,95938.84,0.06559
1763261700000,95787.59,95939.04,95787.59,95939.04,0.01787
1763262000000,95983.28,95983.28,95983.28,95983.28,0.0001
1763262300000,95983.27,95983.27,95806.69,95806.69,0.00078
1763262600000,95981.55,95981.55,95784.72,95976.81,0.01149
1763262900000,95920.49,95920.49,95920.49,95920.49,0.00106
1763263200000,95891.03,95983.24,95886.02,95983.24,0.00261
1763263500000,95799.77,95811.21,95799.75,95800.1,0.02381
1763263800000,95783.66,95783.66,95783.66,95783.66,0.00015
1763264100000,95782.89,95933.93,95710.13,95930.64,0.04089
1763264400000,95840.05,95840.05,95806.95,95806.95,0.00117
1763264700000,95790.9,95790.9,95735.97,95752.8,0.00177
1763265000000,95760.98,95760.98,95760.98,95760.98,4e-05
1763265300000,95830.21,95913.54,95641.46,95903.38,0.00194
1763265600000,95860.15,95967.09,95860.15,95939.31,0.00479
1763265900000,95926.8,95926.81,95703.27,95703.27,0.00064
1763266200000,95914.27,95983.32,95712.59,95982.99,0.01303
1763266500000,95720.32,95982.31,95720.32,95982.31,0.00094
1763266800000,95982.31,95982.31,95982.31,95982.31,0.0
1763267100000,95970.84,95970.84,95969.65,95969.65,0.00016
1763267400000,95969.45,95969.45,95969.45,95969.45,0.00021
1763267700000,95961.31,95961.31,95958.74,95958.74,0.00275
1763268000000,95958.74,95958.74,95958.74,95958.74,0.0
1763268300000,95799.99,95799.99,95799.99,95799.99,0.01366
1763268600000,95750.0,95940.76,95750.0,95940.76,0.00619
1763268900000,95940.76,95940.76,95940.76,95940.76,0.0
1763269200000,95939.88,95983.23,95939.88,95983.23,0.00052
1763269500000,95602.77,95983.34,95602.77,95983.34,0.00054
1763269800000,95999.99,96082.84,95952.39,96050.68,0.03142
1763270100000,96050.68,96175.13,95958.99,95958.99,0.03109
1763270400000,96183.37,96185.96,96000.0,96000.03,0.03552
1763270700000,96000.01,96173.96,95900.38,95904.1,0.12315
1763271000000,95905.68,95905.68,95905.68,95905.68,0.00018
1763271300000,95915.01,95915.02,95915.0,95915.01,0.02388
1763271600000,95840.49,96133.93,95840.49,96133.93,0.00059
1763271900000,96133.93,96133.93,96133.93,96133.93,0.0
1763272200000,96133.93,96133.93,96133.93,96133.93,0.0
1763272500000,95859.61,95859.61,95859.61,95859.61,0.00023
1763272800000,96094.96,96094.96,96094.96,96094.96,2e-05
1763273100000,95807.74,96076.08,95807.74,95815.88,0.00357
1763273400000,96068.2,96070.0,96068.2,96069.95,0.00441
1763273700000,96069.88,96069.92,96069.88,96069.92,0.00074
1763274000000,96068.97,96068.97,96068.52,96068.52,0.00028
1763274300000,96069.96,96069.96,96069.96,96069.96,0.0001
1763274600000,96069.83,96069.83,96069.83,96069.83,5e-05
1763274900000,96179.13,96179.3,95851.55,95870.87,0.01
1763275200000,95870.87,95870.87,95870.87,95870.87,0.0
1763275500000,96177.66,96177.66,95877.87,96171.1,0.00036
1763275800000,96169.82,96169.82,96169.82,96169.82,0.00311
1763276100000,96150.0,96150.0,95885.85,96102.39,0.00811
1763276400000,96045.88,96045.88,96045.88,96045.88,0.0001
1763276700000,95807.69,95807.69,95807.69,95807.69,8e-05
1763277000000,95810.04,95810.04,95810.04,95810.04,0.00013
1763277300000,95814.72,96035.63,95814.72,96035.63,0.00158
1763277600000,96034.16,96034.16,95820.63,95820.63,0.0045
1763277900000,95820.63,95820.63,95820.63,95820.63,0.0
1763278200000,95820.63,95820.63,95820.63,95820.63,0.0
1763278500000,95820.63,95820.63,95820.63,95820.63,0.0
1763278800000,95820.63,95820.63,95820.63,95820.63,0.0
1763279100000,95820.63,95820.63,95820.63,95820.63,0.0
1763279400000,95820.63,95820.63,95820.63,95820.63,0.0
1763279700000,96183.82,96183.82,96173.57,96173.57,0.00049
1763280000000,96186.21,96274.11,95994.81,95994.81,0.04234
1763280300000,95997.77,95997.77,95997.65,95997.65,0.01
1763280600000,95856.02,95856.02,95856.02,95856.02,0.00033
1763280900000,96207.94,96207.95,96207.94,96207.95,0.00148
1763281200000,96165.62,96165.62,96165.62,96165.62,8e-05
1763281500000,96164.42,96164.42,96162.12,96162.12,0.00494
1763281800000,96160.25,96160.25,95815.95,95815.95,0.0007
1763282100000,95817.21,95817.21,95817.21,95817.21,0.00413
1763282400000,96156.62,96156.62,96156.62,96156.62,0.00355
1763282700000,96156.06,96274.78,95872.65,95872.65,0.00255
1763283000000,95872.65,95872.65,95872.65,95872.65,0.0
1763283300000,95872.65,95872.65,95872.65,95872.65,0.0
1763283600000,96265.4,96265.4,96261.19,96261.19,0.00371
1763283900000,96261.19,96261.19,96261.19,96261.19,0.0
1763284200000,96261.19,96261.19,96261.19,96261.19,0.0
1763284500000,95954.7,95954.7,95954.7,95954.7,0.01663
1763284800000,95954.7,95954.7,95954.7,95954.7,0.0
1763285100000,96274.68,96274.68,96274.68,96274.68,6e-05
1763285400000,96274.56,96274.56,95920.75,95926.95,0.0038
1763285700000,95926.95,95926.95,95926.95,95926.95,0.0
1763286000000,95936.91,95936.91,95936.91,95936.91,3e-05
1763286300000,96274.82,96274.82,96274.82,96274.82,8e-05
1763286600000,96274.89,96493.42,96274.89,96493.42,0.05187
1763286900000,96493.42,96715.83,96493.42,96715.83,0.03649
1763287200000,96387.08,96714.16,96387.08,96714.16,0.00113
1763287500000,96702.6,96702.6,96702.6,96702.6,5e-05
1763287800000,96324.3,96674.51,96324.3,96327.48,0.00043
1763288100000,96715.81,96715.81,96715.81,96715.81,8e-05
1763288400000,96715.81,96715.81,96715.81,96715.81,0.0
1763288700000,96715.81,96715.81,96715.81,96715.81,0.0
1763289000000,96715.81,96715.81,96715.81,96715.81,0.0
1763289300000,96701.8,96701.8,96701.8,96701.8,0.00015
1763289600000,96701.8,96701.8,96701.8,96701.8,0.0
1763289900000,96701.8,96701.8,96701.8,96701.8,0.0
1763290200000,96694.66,96694.66,96694.66,96694.66,0.0001
1763290500000,96694.66,96694.66,96694.66,96694.66,0.0
1763290800000,96690.11,96690.11,96690.11,96690.11,0.00052
1763291100000,96688.3,96688.3,96408.82,96408.82,0.02527
1763291400000,96408.25,96408.25,96082.87,96250.54,0.03731
1763291700000,96020.31,96209.34,96020.31,96209.34,0.00117
1763292000000,96020.31,96020.31,95939.04,95939.04,0.05136
1763292300000,95811.29,95811.29,95686.39,95686.39,0.00342
1763292600000,95630.72,95856.4,95630.72,95856.4,0.00025
1763292900000,95855.79,95855.79,95855.75,95855.75,0.00511
1763293200000,95630.88,95630.88,95630.64,95630.64,0.01088
1763293500000,95807.1,95807.1,95630.97,95630.97,0.00015
1763293800000,95630.64,95630.64,95630.64,95630.64,0.00032
1763294100000,95630.64,95630.64,95630.64,95630.64,0.0
1763294400000,95799.98,95799.98,95798.67,95798.67,0.00334
1763294700000,95873.97,95873.97,95873.97,95873.97,0.0001
1763295000000,95873.47,95873.47,95871.45,95871.45,0.00254
1763295300000,95870.93,95870.93,95663.84,95663.84,0.00163
1763295600000,95663.84,95663.84,95663.84,95663.84,0.0
1763295900000,95973.38,95973.38,95973.38,95973.38,8e-05
1763296200000,95935.85,95935.85,95935.85,95935.85,0.00057
1763296500000,95630.64,95813.54,95509.83,95813.54,0.00787
1763296800000,95810.44,95810.44,95809.98,95809.98,0.00326
1763297100000,96022.73,96022.73,96022.73,96022.73,0.00274
1763297400000,96022.73,96022.73,96022.73,96022.73,0.0
1763297700000,96022.73,96022.73,96022.73,96022.73,0.0
1763298000000,95995.49,95995.49,95709.01,95709.01,0.00021
1763298300000,95709.0,95900.43,95540.43,95900.12,1.3428
1763298600000,95900.1,95900.1,95899.67,95899.67,0.0009
1763298900000,95899.14,95899.14,95899.14,95899.14,2e-05
1763299200000,95626.21,95899.06,95626.21,95895.26,0.00298
1763299500000,95894.9,95894.9,95500.0,95500.0,0.01982
1763299800000,95447.63,95665.45,95370.25,95370.25,0.00138
1763300100000,95372.91,95372.91,95159.75,95159.75,0.11363
1763300400000,95159.75,95159.75,95159.75,95159.75,0.0
1763300700000,95170.57,95540.45,95170.57,95540.45,0.04978
1763301000000,95485.31,95485.31,95485.31,95485.31,0.00026
1763301300000,95485.31,95485.31,95485.31,95485.31,0.0
1763301600000,95577.02,95577.02,95576.16,95576.16,0.00283
1763301900000,95576.14,95576.14,95576.14,95576.14,0.00073
1763302200000,95220.66,95707.33,95220.66,95706.05,0.00064
1763302500000,95679.97,95679.97,95261.29,95261.29,0.00046
1763302800000,95261.29,95261.29,95261.29,95261.29,0.0
1763303100000,95261.29,95261.29,95261.29,95261.29,0.0
1763303400000,95261.29,95261.29,95261.29,95261.29,0.0
1763303700000,95261.29,95261.29,95261.29,95261.29,0.0
1763304000000,95305.84,95305.84,95305.84,95305.84,0.00052
1763304300000,95344.19,95344.19,95344.19,95344.19,0.00014
1763304600000,95777.8,95777.8,95777.4,95777.4,0.00024
1763304900000,95444.61,95444.61,95444.61,95444.61,0.00044
1763305200000,95667.1,95667.1,95270.47,95660.06,0.0016
1763305500000,95657.33,95657.33,95657.23,95657.23,0.00052
1763305800000,95656.87,95656.87,95655.8,95655.8,0.00208
1763306100000,95655.36,95655.36,95655.13,95655.28,0.30442
1763306400000,95655.28,95655.28,95655.28,95655.28,0.0
1763306700000,95356.66,95653.27,95356.66,95653.27,0.0006
1763307000000,95653.27,95653.27,95653.27,95653.27,0.0
1763307300000,95653.27,95653.27,95653.27,95653.27,0.0
1763307600000,95647.57,95647.57,95366.44,95366.44,0.00304
1763307900000,95644.41,95644.41,95585.72,95585.72,0.00056
1763308200000,95357.05,95505.34,94798.08,94798.08,0.47876
1763308500000,94708.61,94874.77,94499.44,94773.08,0.1062
1763308800000,94773.25,94773.25,94773.15,94773.15,0.00043
1763309100000,94949.96,94949.99,94949.1,94949.1,0.02183
1763309400000,94949.1,94949.1,94949.1,94949.1,0.0
1763309700000,94747.55,94747.55,94394.64,94713.94,0.09849
1763310000000,94713.27,94713.27,94255.0,94255.0,0.0135
1763310300000,94509.14,94509.14,94232.7,94232.7,0.02944
1763310600000,94233.28,94340.38,94143.88,94143.92,1.34774
1763310900000,94395.46,94395.46,94112.08,94392.63,0.00151
1763311200000,94397.16,94397.44,94397.16,94397.44,0.01798
1763311500000,94587.47,94587.47,94112.21,94466.02,0.0005
1763311800000,94148.74,94578.28,94148.74,94578.28,0.00048
1763312100000,94582.93,94582.93,94582.93,94582.93,5e-05
1763312400000,94473.67,94541.82,94473.67,94541.54,0.00028
1763312700000,94157.24,94538.66,94157.23,94536.66,0.00226
1763313000000,94534.08,94534.08,94534.08,94534.08,8e-05
1763313300000,94531.91,94637.5,94157.42,94478.5,0.05652
1763313600000,94477.29,94637.27,94117.44,94636.07,0.00867
1763313900000,94119.97,94636.07,94119.97,94175.12,0.00177
1763314200000,94634.77,94634.77,94188.64,94582.42,0.00018
1763314500000,94190.25,94190.25,94190.25,94190.25,0.0001
1763314800000,94112.97,94430.31,94049.0,94049.0,0.0378
1763315100000,94100.0,94409.2,94029.94,94409.2,0.00226
1763315400000,94252.79,94328.9,94040.04,94328.03,0.00125
1763315700000,94261.09,94261.09,93890.69,94191.41,0.2914
1763316000000,94474.95,94878.34,94359.58,94877.87,0.03524
1763316300000,94878.33,94878.33,94527.59,94527.59,0.00079
1763316600000,94878.37,95529.47,94878.37,95529.47,0.08826
1763316900000,95445.8,95445.8,95103.83,95103.83,0.05043
1763317200000,94940.46,95172.42,94878.37,94989.8,0.01743
1763317500000,94801.8,95081.82,94798.08,95048.63,0.0083
1763317800000,94936.19,95040.83,94708.61,94935.86,0.02333
1763318100000,94909.13,94909.13,94475.47,94475.47,0.05346
1763318400000,94394.62,94485.09,94232.7,94485.09,0.00601
1763318700000,94232.7,94420.48,93854.38,93854.38,0.01491
1763319000000,93854.47,94346.92,93854.41,94177.74,0.09986
1763319300000,94301.22,94301.22,94000.0,94000.0,0.00061
1763319600000,94247.62,94418.64,94247.62,94418.24,0.03357
1763319900000,94260.41,94423.91,94260.36,94421.23,0.01452
1763320200000,94419.22,94589.7,94288.66,94290.67,0.0615
1763320500000,94589.7,94589.7,94293.2,94589.49,0.00055
1763320800000,94288.53,94587.57,94288.35,94288.35,0.06857
1763321100000,94288.36,94437.22,94288.36,94289.3,0.00167
1763321400000,94509.94,94589.41,94288.35,94291.49,0.0009
1763321700000,94589.34,94589.34,94291.96,94588.09,0.00023
1763322000000,94288.35,94516.56,94121.02,94384.56,0.00151
1763322300000,94462.95,94462.95,94461.65,94461.65,0.00054
1763322600000,94347.7,94347.7,94128.96,94288.16,0.01563
1763322900000,94288.16,94288.16,94288.16,94288.16,0.0
1763323200000,94276.89,94399.58,94161.35,94399.58,0.00042
1763323500000,94398.37,94533.52,94397.86,94533.12,0.00404
1763323800000,94531.03,94531.03,94177.15,94177.15,0.01427
1763324100000,94306.56,94486.56,94306.56,94454.7,0.00027
1763324400000,94454.7,94454.7,94454.7,94454.7,0.0
1763324700000,94444.47,94708.61,94444.47,94535.48,0.02555
1763325000000,94796.65,94796.65,94796.65,94796.65,5e-05
1763325300000,94216.39,94718.48,94216.39,94718.48,0.00119
1763325600000,94485.49,94485.49,94485.49,94485.49,0.0001
1763325900000,94229.14,94564.9,94229.14,94564.9,0.00045
1763326200000,94562.73,94562.73,94414.1,94527.17,0.00344
1763326500000,94190.07,94190.07,94143.75,94143.75,0.01643
1763326800000,94290.43,94379.66,93928.41,94216.61,0.04659
1763327100000,94215.66,94215.66,93655.67,93956.36,0.16497
1763327400000,93954.32,93954.32,93659.84,93659.84,0.00131
1763327700000,93947.92,93947.92,93852.73,93852.73,0.06211
1763328000000,93937.97,93937.97,93655.66,93655.66,0.02871
1763328300000,93655.95,93655.95,93655.66,93655.66,0.00232
1763328600000,93620.55,93907.83,93620.55,93906.13,0.00058
1763328900000,93906.13,93906.13,93906.13,93906.13,0.0
1763329200000,93626.4,93627.22,93456.0,93456.0,0.15633
1763329500000,93421.22,93743.23,93421.22,93741.53,0.50759
1763329800000,93735.18,93735.18,93422.54,93422.54,0.00541
1763330100000,93718.38,93718.38,93426.4,93715.91,0.01645
1763330400000,93713.19,93713.19,93285.07,93285.07,0.0677
1763330700000,93285.07,93307.65,93122.38,93122.38,0.03906
1763331000000,93122.38,93741.39,93122.38,93741.39,0.05959
1763331300000,93576.8,93576.8,93576.8,93576.8,0.01
1763331600000,93574.62,93576.93,93574.62,93576.93,0.00091
1763331900000,93576.91,93749.96,93576.91,93749.96,0.07541
1763332200000,93525.35,93892.98,93525.35,93892.98,0.02021
1763332500000,93911.62,93911.62,93911.44,93911.44,0.02765
1763332800000,93735.96,93795.72,93602.84,93602.84,0.04375
1763333100000,93567.31,94106.25,93567.31,94106.25,0.05914
1763333400000,94143.75,94491.85,93921.68,94491.85,0.03355
1763333700000,94291.18,94291.18,94244.85,94244.85,0.06806
1763334000000,94177.9,94177.9,93122.38,93366.71,0.05473
1763334300000,93122.38,93579.27,93000.01,93579.26,0.15595
1763334600000,93579.2,93911.85,93578.94,93911.8,0.0279
1763334900000,93680.68,94106.13,93680.68,94020.42,0.07749
1763335200000,94103.85,94312.51,94100.0,94312.51,0.12237
1763335500000,94373.73,94373.9,94248.17,94373.88,0.0062
1763335800000,94373.9,94373.93,94135.13,94135.13,0.10616
1763336100000,94373.92,94475.25,94134.16,94174.65,0.11548
1763336400000,94273.36,94273.36,94273.36,94273.36,5e-05
1763336700000,94475.37,94475.43,94311.39,94475.43,0.05333
1763337000000,94475.45,94491.98,94246.25,94475.37,0.0196
1763337300000,94470.0,94470.0,94299.99,94299.99,0.02015
1763337600000,94290.56,94299.97,94249.56,94249.56,0.00056
1763337900000,94149.82,94491.83,94149.82,94491.8,0.06525
1763338200000,94225.09,94227.42,94225.09,94227.42,0.00149
1763338500000,94172.4,94212.08,93912.0,93912.0,0.07471
1763338800000,93831.65,94148.67,93831.63,93999.98,0.14873
1763339100000,94150.48,94708.61,94150.48,94708.61,0.09894
1763339400000,94708.61,94878.37,94518.7,94878.31,0.00509
1763339700000,94878.25,94960.26,94703.84,94960.26,0.03005
1763340000000,94726.23,94728.63,94726.23,94728.63,0.0071
1763340300000,94676.41,94868.41,94538.71,94867.28,0.03136
1763340600000,94868.93,95159.65,94795.1,95159.43,0.04649
1763340900000,95159.24,95354.23,94923.5,95354.23,0.2313
1763341200000,95366.79,95509.74,95119.65,95495.53,0.00728
1763341500000,95218.72,95352.97,95117.0,95349.73,0.07407
1763341800000,95118.0,95345.02,95117.01,95342.9,0.00112
1763342100000,95117.01,95320.58,94885.2,95198.26,0.03447
1763342400000,94878.37,95146.03,94878.37,95145.88,0.00557
1763342700000,95166.28,95166.28,94950.0,94950.0,0.03117
1763343000000,95265.89,95265.89,95211.85,95211.85,0.01059
1763343300000,95211.36,95211.36,95211.36,95211.36,0.002
1763343600000,95205.87,95205.87,95205.87,95205.87,4e-05
1763343900000,95140.66,95140.66,94900.0,94900.0,0.02878
1763344200000,94900.0,94900.0,94878.37,94878.37,0.01088
1763344500000,94798.08,95004.57,94798.08,95004.57,0.00176
1763344800000,94960.15,95049.25,94957.63,95049.25,0.00026
1763345100000,95049.94,95121.58,95049.59,95119.67,0.04603
1763345400000,95117.39,95366.73,95116.98,95366.69,0.00245
1763345700000,95365.35,95365.35,95365.35,95365.35,0.00213
1763346000000,95283.07,95283.07,95283.07,95283.07,0.00084
1763346300000,95268.93,95268.93,95268.93,95268.93,0.00021
1763346600000,95249.57,95249.57,95249.56,95249.56,0.0002
1763346900000,95199.18,95199.18,95192.7,95197.18,0.0003
1763347200000,95186.85,95186.85,94941.3,95093.06,0.03409
1763347500000,94824.58,95097.04,94824.58,95097.04,0.00061
1763347800000,95090.63,95090.63,94998.33,95058.88,0.00029
1763348100000,94831.18,94831.18,94831.18,94831.18,4e-05
1763348400000,94980.01,95052.77,94837.47,95051.07,0.00084
1763348700000,95067.7,95170.62,94844.91,95170.62,0.06901
1763349000000,94969.76,95365.8,94969.76,95365.8,0.01964
1763349300000,95365.83,95408.46,95099.18,95138.04,0.05408
1763349600000,95441.97,95530.43,95291.48,95419.89,0.01482
1763349900000,95530.12,95530.13,95421.26,95528.09,0.00506
1763350200000,95249.31,95527.93,95249.31,95526.43,0.00581
1763350500000,95526.04,95526.04,95259.59,95457.62,0.00687
1763350800000,95193.18,95422.28,95193.18,95195.75,0.00533
1763351100000,95419.37,95529.73,95196.4,95199.93,0.0041
1763351400000,95529.74,95529.74,95529.74,95529.74,8e-05
1763351700000,95527.64,95527.64,95217.82,95217.82,0.00094
1763352000000,95526.44,95530.71,95526.43,95529.78,0.00454
1763352300000,95529.55,95529.55,95511.94,95511.96,0.00141
1763352600000,95285.84,95446.82,95188.16,95364.8,0.06222
1763352900000,95162.35,95179.43,95000.0,95000.0,0.02239
1763353200000,94940.17,95099.97,94940.17,95099.22,0.00842
1763353500000,95099.22,95416.02,94978.23,95416.02,0.0431
1763353800000,95502.3,95502.3,95218.3,95376.17,0.00057
1763354100000,95427.42,95427.42,95180.95,95337.44,0.00062
1763354400000,95413.85,95413.85,95413.85,95413.85,0.00197
1763354700000,95503.33,95503.33,95485.24,95485.24,0.00191
1763355000000,95194.61,95476.08,95025.81,95288.4,0.00021
1763355300000,95029.2,95388.61,95029.2,95221.66,0.00429
1763355600000,95251.23,95251.23,95234.75,95234.75,0.00034
1763355900000,95230.34,95230.34,95121.93,95121.93,0.00416
1763356200000,94952.99,95140.57,94952.92,95140.55,0.03436
1763356500000,94879.0,95137.07,94878.61,95137.07,0.00049
1763356800000,94882.49,95067.49,94882.49,95067.49,0.00011
1763357100000,95123.76,95123.76,95123.76,95123.76,0.01558
1763357400000,95152.65,95210.85,94914.61,95210.85,0.0577
1763357700000,94918.77,95209.71,94918.77,94923.27,0.00018
1763358000000,95203.26,95203.26,94927.97,94932.48,0.00034
1763358300000,95318.72,95318.72,95317.92,95317.92,0.00495
1763358600000,95309.72,95309.72,95309.72,95309.72,0.00095
1763358900000,95305.8,95305.8,94962.11,95050.85,0.00173
1763359200000,95050.85,95050.85,95050.85,95050.85,0.0
1763359500000,95289.49,95289.49,95289.17,95289.17,0.00023
1763359800000,95063.66,95248.73,94878.4,94879.1,0.0984
1763360100000,94879.1,94879.1,94879.1,94879.1,0.0
1763360400000,94890.1,94890.93,94890.1,94890.93,0.00018
1763360700000,94893.49,94893.49,94893.49,94893.49,0.00013
1763361000000,95161.85,95161.85,95161.85,95161.85,0.00579
1763361300000,95161.85,95161.85,95161.85,95161.85,0.0
1763361600000,95134.71,95134.71,94901.71,94901.71,0.01442
1763361900000,95065.65,95065.65,95065.65,95065.65,7e-05
1763362200000,95116.15,95116.15,95116.15,95116.15,0.00166
1763362500000,95298.84,95298.84,95298.84,95298.84,0.00045
1763362800000,95298.22,95298.87,95298.22,95298.87,0.04527
1763363100000,95298.99,95433.26,95162.86,95433.26,0.06737
1763363400000,95433.26,95433.26,95433.26,95433.26,0.0
1763363700000,95504.88,95508.2,95503.71,95508.2,0.00103
1763364000000,95482.34,95565.26,95219.15,95565.26,0.00349
1763364300000,95612.38,95612.38,95283.34,95286.14,0.00052
1763364600000,95288.56,95500.66,95288.56,95500.66,0.00031
1763364900000,95599.74,95629.29,95500.27,95629.29,0.00496
1763365200000,95653.26,95776.8,95653.26,95667.69,0.01205
1763365500000,95689.69,95811.29,95689.69,95811.29,0.00697
1763365800000,95811.29,95847.94,95811.29,95847.94,0.00066
1763366100000,95848.36,95848.36,95720.0,95847.13,0.01494
1763366400000,95839.01,95839.01,95839.01,95839.01,0.00021
1763366700000,95839.01,95839.01,95839.01,95839.01,0.0
1763367000000,95839.01,95839.01,95839.01,95839.01,0.0
1763367300000,95839.01,95839.01,95839.01,95839.01,0.0
1763367600000,95626.02,95939.04,95626.02,95939.03,0.02827
1763367900000,95939.02,95948.9,95683.47,95948.61,0.0081
1763368200000,95948.61,95948.61,95948.61,95948.61,0.0
1763368500000,95935.95,95935.95,95696.98,95897.41,0.0604
1763368800000,95897.41,95897.41,95897.41,95897.41,0.0
1763369100000,95740.36,95740.36,95590.93,95590.93,0.01021
1763369400000,95650.11,95650.11,95650.11,95650.11,9e-05
1763369700000,95740.62,95740.62,95642.98,95642.98,0.01013
1763370000000,95642.98,95642.98,95642.98,95642.98,0.0
1763370300000,95369.43,95554.58,95276.95,95553.93,0.01164
1763370600000,95553.93,95553.93,95553.93,95553.93,0.0
1763370900000,95526.99,95816.63,95526.99,95680.66,0.07626
1763371200000,95680.66,95680.66,95680.66,95680.66,0.0
1763371500000,95680.66,95680.66,95680.66,95680.66,0.0
1763371800000,95917.52,95917.52,95917.52,95917.52,8e-05
1763372100000,95540.03,95830.53,95540.03,95830.53,0.00019
1763372400000,95789.01,95789.01,95789.01,95789.01,0.00423
1763372700000,95551.92,95874.67,95551.91,95874.38,0.00366
1763373000000,95552.06,95840.67,95551.96,95840.15,0.04322
1763373300000,95840.15,95840.15,95840.15,95840.15,0.0
1763373600000,95828.68,95828.69,95828.68,95828.69,0.00095
1763373900000,95822.21,95822.21,95822.21,95822.21,5e-05
1763374200000,95822.21,95822.21,95822.21,95822.21,0.0
1763374500000,95933.71,95933.71,95933.71,95933.71,8e-05
1763374800000,95933.71,95933.71,95933.71,95933.71,0.0
1763375100000,95933.71,95933.71,95933.71,95933.71,0.0
1763375400000,95933.71,95933.71,95933.71,95933.71,0.0
1763375700000,95501.55,95812.18,95501.55,95811.75,0.00348
1763376000000,95811.75,95811.75,95811.75,95811.75,0.0
1763376300000,95811.75,95811.75,95811.75,95811.75,0.0
1763376600000,95811.75,95811.75,95811.75,95811.75,0.0
1763376900000,95835.76,95835.76,95835.76,95835.76,8e-05
1763377200000,95595.17,95595.36,95563.68,95595.36,0.04453
1763377500000,95795.38,95795.38,95795.38,95795.38,0.0001
1763377800000,95885.84,95885.84,95510.8,95879.96,0.00425
1763378100000,95879.96,95881.77,95566.02,95881.77,0.00219
1763378400000,95881.41,95881.41,95881.41,95881.41,0.00029
1763378700000,95881.41,95881.41,95881.41,95881.41,0.0
1763379000000,95583.12,95885.64,95583.12,95885.64,0.0266
1763379300000,95885.64,95885.64,95885.64,95885.64,0.0
1763379600000,95885.64,95885.64,95885.64,95885.64,0.0
1763379900000,95595.6,95703.98,95495.17,95604.66,0.02712
1763380200000,95685.87,95685.87,95685.87,95685.87,9e-05
1763380500000,95341.67,95341.67,95341.67,95341.67,0.0005
1763380800000,95680.56,95680.56,95353.78,95658.46,0.00074
1763381100000,95357.88,95622.26,95357.88,95622.26,0.00016
1763381400000,95609.91,95609.91,95364.2,95518.54,0.06895
1763381700000,95518.54,95518.54,95518.54,95518.54,0.0
1763382000000,95595.95,95595.95,95286.19,95288.39,0.00044
1763382300000,95588.21,95588.21,95290.91,95296.34,0.00327
1763382600000,95577.59,95577.59,95504.99,95504.99,0.0006
1763382900000,95504.99,95504.99,95504.99,95504.99,0.0
1763383200000,95311.96,95477.26,95311.96,95477.26,0.00014
1763383500000,95477.26,95477.26,95477.26,95477.26,0.0
1763383800000,95321.07,95643.24,95321.06,95643.24,0.01817
1763384100000,95477.15,95477.15,95276.86,95276.86,0.00084
1763384400000,95494.35,95494.35,95227.4,95227.4,0.0048
1763384700000,95159.67,95159.67,95159.67,95159.67,7e-05
1763385000000,95285.54,95285.54,94878.37,94878.37,0.00271
1763385300000,94878.37,94878.37,94878.37,94878.37,0.0
1763385600000,95078.98,95078.98,94823.84,94992.67,0.00173
1763385900000,94823.63,94955.67,94597.0,94597.0,0.04844
1763386200000,94500.0,94634.38,94232.7,94232.7,0.01274
1763386500000,94427.61,94427.61,94427.61,94427.61,0.00053
1763386800000,94425.36,94425.36,93898.05,93898.05,0.07614
1763387100000,93898.05,94102.63,93811.06,93811.06,0.01909
1763387400000,93757.4,93757.4,93582.41,93582.76,0.06355
1763387700000,93582.43,93899.99,93582.43,93888.0,0.1197
1763388000000,93887.99,94220.73,93793.47,94187.11,0.03674
1763388300000,94187.06,94187.06,93880.57,94050.27,0.06299
1763388600000,94050.17,94050.17,94048.43,94048.44,0.02376
1763388900000,94126.44,94373.93,94126.44,94373.93,0.04202
1763389200000,94383.02,94383.02,94383.02,94383.02,0.00032
1763389500000,94214.9,94314.78,94214.9,94314.78,0.0001
1763389800000,94201.89,94827.6,94201.89,94827.6,0.05268
1763390100000,94878.37,95948.96,94878.37,95747.47,1.23711
1763390400000,95747.04,95747.04,95159.67,95360.4,0.17114
1763390700000,95414.46,95685.58,95414.46,95685.56,0.00158
1763391000000,95139.59,95591.47,94798.08,95094.29,0.07221
1763391300000,94708.61,94942.56,94632.96,94857.29,0.01868
1763391600000,94856.95,94999.97,94492.58,94492.58,0.00241
1763391900000,94999.96,94999.96,94232.7,94516.48,0.00636
1763392200000,94516.29,94725.25,94516.17,94711.45,0.00314
1763392500000,94143.85,94429.1,93890.69,93890.69,0.01068
1763392800000,93890.69,94244.2,93890.69,94020.51,0.30687
1763393100000,94473.55,94708.57,94342.86,94342.86,0.43745
1763393400000,94684.52,94684.52,94263.53,94263.54,0.10207
1763393700000,94106.65,94339.45,94051.62,94052.11,0.05038
1763394000000,94324.41,94324.41,94324.41,94324.41,0.00516
1763394300000,94324.41,94324.41,94324.41,94324.41,0.005
1763394600000,94324.41,94324.41,94324.41,94324.41,0.0
1763394900000,94240.27,94240.27,94000.01,94181.03,1.36132
1763395200000,94000.0,94179.57,93692.39,93692.39,0.0173
1763395500000,93692.39,93692.39,93368.4,93651.87,0.06587
1763395800000,93368.21,93368.21,93166.47,93329.23,0.21854
1763396100000,93328.51,93328.51,93136.34,93136.38,0.02465
1763396400000,93137.08,93329.31,93061.8,93329.12,0.04125
1763396700000,93071.01,93339.43,93071.01,93339.43,0.0422
1763397000000,93566.02,93750.02,93566.02,93750.02,0.00883
1763397300000,93526.99,93831.63,93526.99,93831.63,0.00353
1763397600000,93912.0,94054.95,93705.92,94054.95,0.0025
1763397900000,94025.63,94025.63,94025.01,94025.01,0.00072
1763398200000,94055.91,94373.87,94055.91,94373.87,0.03724
1763398500000,94373.92,94373.92,94373.87,94373.89,0.00476
1763398800000,94373.81,94373.81,94147.6,94372.95,0.00015
1763399100000,94354.79,94359.49,94260.46,94359.49,0.00069
1763399400000,93935.99,93937.02,93935.99,93937.02,0.30614
1763399700000,93937.01,93937.01,93750.03,93750.03,0.72623
1763400000000,93750.02,93750.02,93713.66,93713.66,0.00486
1763400300000,93930.99,93930.99,93579.53,93579.53,0.06017
1763400600000,93497.0,93497.0,93497.0,93497.0,0.00036
1763400900000,93695.58,93695.58,93396.37,93396.37,0.09031
1763401200000,93368.21,93537.34,92915.5,93160.6,0.35713
1763401500000,93136.58,93136.58,92699.0,93000.0,0.28225
1763401800000,92999.98,92999.98,92701.25,92995.01,0.00294
1763402100000,92993.32,92993.32,92699.3,92700.0,1.55565
1763402400000,92998.18,92998.18,92676.25,92866.22,0.8329
1763402700000,92966.31,93222.33,92966.31,93202.17,0.14245
1763403000000,93197.02,93231.74,92756.91,92756.91,0.04639
1763403300000,93018.45,93091.4,92965.08,93091.4,0.0011
1763403600000,93008.96,93008.96,92597.45,92597.45,0.00511
1763403900000,92597.45,92597.45,92436.17,92469.29,0.17281
1763404200000,92436.24,92792.31,92413.45,92789.06,0.36333
1763404500000,92787.09,92787.09,92787.09,92787.09,0.00184
1763404800000,92416.07,92416.07,92416.07,92416.07,0.00019
1763405100000,92833.3,93024.11,92833.28,93024.11,0.0973
1763405400000,92756.94,93008.91,92700.0,92700.0,0.03103
1763405700000,92541.55,92867.66,92540.74,92821.85,0.01707
1763406000000,92819.81,92819.81,92406.0,92684.73,0.02931
1763406300000,92406.01,92683.97,92360.9,92632.44,0.05786
1763406600000,92368.01,92726.79,92354.49,92354.49,0.044
1763406900000,92565.04,92565.04,92231.23,92231.23,0.02904
1763407200000,92223.0,92386.97,92186.65,92186.65,0.04908
1763407500000,92186.64,92186.64,92117.54,92117.59,0.01827
1763407800000,92364.21,92364.21,92000.0,92100.0,2.15192
1763408100000,92311.46,92517.31,91940.21,91940.21,0.18118
1763408400000,91937.56,92164.25,91837.91,91957.67,0.09048
1763408700000,91815.17,91959.77,91657.98,91921.63,0.19328
1763409000000,91964.98,92103.16,91964.98,92004.35,0.02975
1763409300000,92002.27,92002.27,91647.35,91933.46,0.00926
1763409600000,91933.41,91933.41,91335.38,91499.91,0.55438
1763409900000,91643.41,91917.64,91325.11,91742.58,0.12548
1763410200000,91741.71,91741.71,91357.0,91740.01,0.0021
1763410500000,91680.61,91742.58,91680.61,91742.58,0.1756
1763410800000,91603.78,91976.45,91603.77,91976.45,0.07297
1763411100000,91999.39,92125.77,91698.0,91698.0,0.03288
1763411400000,92042.08,92042.08,91638.7,91930.51,0.08626
1763411700000,92122.71,92124.19,91605.0,91605.0,0.42011
1763412000000,91533.89,91863.79,91533.51,91863.79,0.00041
1763412300000,91749.95,92056.75,91691.21,92055.32,0.08468
1763412600000,92055.37,92208.1,91750.13,91750.32,0.06264
1763412900000,92000.01,92000.01,92000.0,92000.0,0.03143
1763413200000,92208.11,92208.11,92001.15,92207.44,0.05444
1763413500000,92207.34,92208.1,92002.62,92207.82,0.0164
1763413800000,92208.1,92210.66,92009.62,92009.62,0.0006
1763414100000,92240.79,92240.79,91819.19,91880.96,0.14955
1763414400000,91657.98,91940.03,91657.98,91938.24,0.00081
1763414700000,91615.23,92108.69,91615.23,92108.69,0.00052
1763415000000,91645.88,91937.6,91645.88,91937.6,0.00234
1763415300000,91620.98,91620.98,91592.96,91592.96,0.01165
1763415600000,91921.26,92108.88,91921.23,92108.71,0.05146
1763415900000,92097.65,92097.65,91593.83,91595.47,0.12192
1763416200000,91936.44,91936.44,91597.03,91934.66,0.05338
1763416500000,91934.53,92078.28,91742.6,92077.57,0.00646
1763416800000,91751.95,92069.77,91751.95,91998.47,0.00291
1763417100000,91998.42,92142.49,91760.94,92142.49,3.13427
1763417400000,92142.52,92241.67,91911.55,92240.82,0.01366
1763417700000,92240.56,92240.6,91913.55,91919.33,0.00265
1763418000000,92238.39,92241.46,91919.36,92241.46,0.00445
1763418300000,91922.95,92257.58,91922.95,92257.47,0.005
1763418600000,92188.72,92257.77,92050.76,92257.77,0.22978
1763418900000,92257.77,92257.77,92257.75,92257.75,0.00048
1763419200000,92257.79,92360.9,92257.79,92360.9,0.00064
1763419500000,92360.9,92361.77,92360.9,92361.77,9e-05
1763419800000,92184.54,92449.23,92184.54,92448.83,0.00046
1763420100000,92186.93,92444.57,92186.86,92442.07,0.00065
1763420400000,92200.21,92436.93,92200.21,92434.69,0.00066
1763420700000,92432.69,92432.69,92058.74,92058.74,0.05788
1763421000000,92274.54,92274.54,91799.0,92194.13,0.0767
1763421300000,92193.26,92193.26,91808.2,92000.0,0.00134
1763421600000,92125.17,92125.17,91811.45,92120.52,0.10765
1763421900000,92114.9,92114.9,92114.9,92114.9,0.00054
1763422200000,92110.21,92110.21,91821.84,91821.86,0.0014
1763422500000,91823.7,92107.7,91823.7,92107.7,0.00011
1763422800000,92146.8,92146.8,92000.0,92095.61,0.00079
1763423100000,92094.67,92096.8,92094.67,92096.8,0.01359
1763423400000,92145.96,92146.74,91887.86,91903.53,0.28731
1763423700000,92146.74,92275.96,91922.54,92271.38,0.05578
1763424000000,92015.16,92344.98,92015.16,92023.6,0.00637
1763424300000,92024.9,92345.03,92024.9,92120.33,0.00203
1763424600000,92345.5,92345.5,92125.98,92130.1,0.00094
1763424900000,92340.86,92340.86,92130.8,92329.96,0.01613
1763425200000,92328.05,92328.05,91980.28,92012.98,0.00385
1763425500000,92323.52,92323.52,92015.43,92017.08,0.00031
1763425800000,92315.38,92315.38,91798.54,92170.75,0.00293
1763426100000,91798.57,92079.05,91798.03,92070.89,0.04763
1763426400000,92035.99,92035.99,91369.57,91639.24,0.02961
1763426700000,91638.15,91999.37,91267.71,91659.43,0.18739
1763427000000,91998.25,92142.36,91659.92,92142.36,0.03736
1763427300000,92142.1,92142.49,91734.07,92142.49,0.0241
1763427600000,92142.52,92241.56,91925.35,92240.86,0.01203
1763427900000,92237.81,92241.57,91912.25,92241.57,0.05082
1763428200000,92241.64,92241.64,91901.22,91902.1,0.00237
1763428500000,91902.1,92241.49,91790.19,92240.37,0.13098
1763428800000,92241.63,92241.63,91906.78,92215.64,0.00078
1763429100000,91902.64,92044.08,91658.09,91658.09,0.02111
1763429400000,91954.8,91954.8,91659.88,91950.0,0.04896
1763429700000,91953.91,92058.46,91752.98,92056.21,0.00551
1763430000000,91756.84,92048.91,91713.06,91985.13,0.00093
1763430300000,91979.04,91979.04,91979.04,91979.04,5e-05
1763430600000,91976.57,91976.57,91660.14,91660.54,0.00531
1763430900000,91893.0,91893.0,91659.98,91886.26,0.00151
1763431200000,91884.7,91884.7,91268.67,91494.08,0.11808
1763431500000,91492.16,91752.08,91267.99,91752.08,0.1604
1763431800000,91751.26,91751.26,91238.6,91447.18,0.14791
1763432100000,91192.54,91438.43,90813.23,91214.02,0.2191
1763432400000,91213.36,91455.86,91074.85,91455.72,0.0782
1763432700000,91178.71,91691.47,91178.71,91691.41,0.05237
1763433000000,91691.52,91797.88,91310.01,91310.01,1.81735
1763433300000,91771.88,91771.88,91192.54,91490.27,0.0087
1763433600000,91455.47,91559.48,91193.37,91196.44,1.00092
1763433900000,91554.16,91642.33,91554.16,91642.31,0.02986
1763434200000,91684.46,91684.46,91307.0,91486.94,0.08702
1763434500000,91200.0,91477.43,90736.38,91096.89,0.03899
1763434800000,90736.75,90743.86,90419.25,90419.25,0.25204
1763435100000,90408.91,90604.38,89985.0,90213.07,3.4511
1763435400000,90603.57,90603.57,90262.93,90592.42,0.16972
1763435700000,90283.44,90589.95,90283.44,90581.34,2.01351
1763436000000,90580.34,90580.34,90009.37,90430.45,0.01336
1763436300000,90429.48,90429.48,90009.1,90009.34,0.63501
1763436600000,90009.35,90178.05,89489.6,90054.9,2.61143
1763436900000,90053.1,90682.58,89705.74,90682.58,1.12935
1763437200000,90682.58,90836.35,90682.58,90795.17,0.11499
1763437500000,90794.37,90910.49,90793.29,90909.73,0.76628
1763437800000,90574.98,90907.37,90574.98,90576.51,0.00145
1763438100000,90595.33,90878.16,90595.33,90876.36,0.00307
1763438400000,90597.97,90874.44,90597.96,90870.58,0.06735
1763438700000,90857.23,90857.23,90282.93,90580.19,0.1191
1763439000000,90489.57,90489.57,90282.94,90282.94,0.00136
1763439300000,90282.93,90460.95,90129.95,90243.34,0.05097
1763439600000,90100.0,90237.59,89893.11,90236.56,0.55306
1763439900000,90000.0,90192.98,89893.28,89893.28,0.00788
1763440200000,89893.37,90096.91,89893.36,89900.03,0.0186
1763440500000,90096.65,90096.65,90090.0,90095.98,0.00109
1763440800000,90091.27,90097.07,89893.36,89893.36,0.17832
1763441100000,89892.53,89900.0,89365.82,89900.0,0.09243
1763441400000,89610.64,89610.64,89610.63,89610.63,0.02658
1763441700000,89750.0,90129.91,89750.0,90129.91,0.13617
1763442000000,90129.47,90129.77,89652.78,89652.78,0.00417
1763442300000,90076.3,90128.08,90076.03,90127.84,0.01155
1763442600000,90127.72,90243.24,89977.32,90243.24,0.01605
1763442900000,90242.19,90319.99,90242.0,90319.99,0.1096
1763443200000,90319.82,90419.25,90319.82,90419.11,0.00991
1763443500000,90320.0,90320.0,90210.01,90210.01,0.02268
1763443800000,90379.75,90379.75,90210.0,90377.28,0.00534
1763444100000,90375.04,90375.04,90148.02,90148.02,0.02603
1763444400000,90148.62,90148.62,89817.15,89817.15,0.00655
1763444700000,89823.5,90178.03,89823.5,90178.03,0.01324
1763445000000,90371.79,90371.79,90351.77,90351.77,0.00208
1763445300000,90307.51,90307.51,90307.51,90307.51,8e-05
1763445600000,90045.18,90208.57,90045.18,90163.46,0.06659
1763445900000,90161.08,90161.08,89889.68,90065.45,0.00081
1763446200000,90064.94,90259.46,90030.0,90258.13,0.16929
1763446500000,90246.83,90246.83,90244.21,90244.21,0.00522
1763446800000,89996.29,89996.29,89996.27,89996.27,0.02856
1763447100000,89996.27,89996.27,89951.08,89951.1,0.00125
1763447400000,90187.32,90187.32,89951.05,89951.05,0.06011
1763447700000,89951.05,89951.05,89677.0,89677.0,0.04592
1763448000000,89580.68,89580.68,89580.68,89580.68,0.00037
1763448300000,89754.98,89754.98,89754.98,89754.98,0.00028
1763448600000,89500.0,89642.29,89367.06,89637.77,0.00504
1763448900000,89636.92,89811.67,89636.92,89809.89,0.02873
1763449200000,89802.64,89802.64,89485.26,89722.88,0.02835
1763449500000,89675.27,89760.97,89672.51,89759.49,0.0178
1763449800000,89759.49,89908.8,89759.49,89887.32,0.0688
1763450100000,89896.15,89964.91,89720.43,89964.91,0.02009
1763450400000,89963.35,89963.35,89887.86,89887.86,0.04596
1763450700000,90129.62,90194.81,90129.62,90194.67,0.00708
1763451000000,90222.83,90268.48,90001.0,90268.48,0.02923
1763451300000,90268.75,90453.14,90268.75,90453.14,0.05565
1763451600000,90488.36,90529.09,90488.36,90528.42,0.00126
1763451900000,90530.5,90530.5,90530.5,90530.5,0.05527
1763452200000,90527.02,90527.02,90230.0,90525.24,0.50132
1763452500000,90528.03,90528.03,90528.03,90528.03,0.00012
1763452800000,90525.35,90682.58,90525.35,90682.58,0.08675
1763453100000,90729.46,90817.96,90729.46,90817.96,0.01227
1763453400000,90479.24,90479.24,90479.23,90479.23,0.0011
1763453700000,90530.73,91144.65,90530.73,91144.65,0.04565
1763454000000,90884.52,91147.68,90884.51,91147.68,0.02879
1763454300000,90710.75,91004.57,90710.75,91004.57,0.0001
1763454600000,91003.68,91159.69,90711.64,91159.69,0.00332
1763454900000,90892.21,91359.9,90892.21,91359.9,0.03021
1763455200000,91360.28,91413.69,91360.28,91413.69,0.00118
1763455500000,91410.45,91411.2,91139.18,91410.04,0.00647
1763455800000,91144.95,91407.13,91144.95,91145.79,0.00012
1763456100000,91405.88,91405.88,91146.25,91403.96,0.00156
1763456400000,91399.12,91399.12,91027.92,91027.92,0.08729
1763456700000,91001.41,91257.97,91001.41,91256.6,0.00123
1763457000000,90826.33,91331.18,90826.33,91331.18,0.00015
1763457300000,91329.88,91329.89,91329.88,91329.89,0.04166
1763457600000,91150.55,91150.55,91150.54,91150.54,0.02141
1763457900000,91050.13,91130.1,90879.4,90879.43,0.02899
1763458200000,91124.82,91124.82,90879.61,91123.69,0.0005
1763458500000,90880.9,91117.21,90880.9,91115.84,0.00013
1763458800000,91115.84,91115.84,91115.84,91115.84,0.0
1763459100000,91251.19,91311.85,91251.19,91311.85,0.01072
1763459400000,91375.0,91412.83,91375.0,91412.83,0.00022
1763459700000,91405.49,91427.5,91405.49,91427.5,0.04153
1763460000000,91435.83,91472.67,91435.83,91472.67,0.00687
1763460300000,91524.86,91547.2,91524.86,91547.2,0.00102
1763460600000,91571.1,91571.1,91571.1,91571.1,0.00139
1763460900000,91571.1,91571.1,91571.1,91571.1,0.0
1763461200000,91571.1,91571.1,91571.1,91571.1,0.0
1763461500000,91571.1,91571.1,91571.1,91571.1,0.0
1763461800000,91263.16,91263.16,91263.16,91263.16,0.00138
1763462100000,91587.13,91587.13,91267.07,91267.07,0.00063
1763462400000,91582.63,91582.63,91582.63,91582.63,3e-05
1763462700000,91582.63,91582.63,91582.63,91582.63,0.0
1763463000000,91285.37,91555.89,91285.37,91285.75,0.00077
1763463300000,91583.72,91583.72,91583.72,91583.72,0.00547
1763463600000,91582.59,91582.59,91581.2,91581.2,0.00219
1763463900000,91580.48,91580.48,91500.0,91500.0,0.00579
1763464200000,91587.11,91587.11,91352.99,91584.73,0.00814
1763464500000,91353.23,91353.23,91267.07,91267.07,0.0813
1763464800000,91469.06,91469.06,91466.81,91466.81,0.01271
1763465100000,91466.81,91466.81,91466.81,91466.81,0.0
1763465400000,91267.53,91267.53,91267.53,91267.53,0.00821
1763465700000,91491.58,91522.93,91491.58,91522.93,0.16392
1763466000000,91521.86,91521.86,91521.83,91521.83,0.02103
1763466300000,91583.0,91583.0,91288.92,91288.92,0.00012
1763466600000,91585.79,91585.79,91585.79,91585.79,0.00012
1763466900000,91575.46,91575.46,91327.5,91327.5,0.13382
1763467200000,91566.2,91566.2,91329.32,91329.37,0.06938
1763467500000,91129.76,91129.76,91129.76,91129.76,8e-05
1763467800000,91544.16,91544.16,91129.39,91129.39,0.10334
1763468100000,91295.27,91450.77,91295.27,91450.77,0.07331
1763468400000,91450.85,91522.05,91450.85,91522.05,0.08902
1763468700000,91206.4,91206.4,91206.4,91206.4,0.00026
1763469000000,91428.77,91428.77,91427.92,91427.92,0.0013
1763469300000,91427.92,91542.74,91427.92,91542.74,0.00636
1763469600000,91544.16,91895.94,91394.65,91893.74,0.12526
1763469900000,91504.36,91841.45,91504.36,91505.65,0.05397
1763470200000,91634.94,91634.94,91500.0,91632.19,0.00175
1763470500000,91426.15,91631.27,91426.15,91630.95,0.10307
1763470800000,91627.6,91627.6,91627.49,91627.49,0.00024
1763471100000,91357.36,91623.9,91357.36,91623.9,0.00063
1763471400000,91622.36,91622.36,91357.77,91621.46,0.00129
1763471700000,91618.1,91618.1,91600.0,91600.0,0.00032
1763472000000,91606.13,91606.13,91238.98,91238.98,0.00192
1763472300000,91518.05,91518.05,91516.47,91516.47,0.0001
1763472600000,91476.35,91476.35,91192.55,91192.55,0.04954
1763472900000,91192.59,91300.06,90987.51,90987.51,0.0445
1763473200000,91394.13,91394.13,91097.21,91097.21,0.00032
1763473500000,91097.21,91097.21,91097.21,91097.21,0.0
1763473800000,91383.48,91383.48,91381.41,91381.59,0.04952
1763474100000,91450.24,91450.24,91148.15,91448.15,0.06379
1763474400000,91484.52,91498.74,91448.15,91498.64,0.05224
1763474700000,91498.11,91498.11,91181.39,91181.39,0.00167
1763475000000,91498.77,91498.77,91464.62,91464.62,0.00037
1763475300000,91452.23,91452.23,91250.0,91400.0,0.00385
1763475600000,91445.96,91445.96,91445.7,91445.7,0.00117
1763475900000,91500.0,91803.13,91499.99,91803.13,0.1679
1763476200000,91841.34,92305.29,91773.06,92305.29,0.04349
1763476500000,92199.68,92364.35,92199.68,92364.35,0.11166
1763476800000,92392.14,92392.14,91533.42,91533.42,0.1292
1763477100000,91728.94,91775.08,91700.0,91700.0,0.01782
1763477400000,91570.14,91931.42,91455.97,91647.2,0.0176
1763477700000,91647.2,91647.2,91647.2,91647.2,0.0
1763478000000,91369.57,91633.87,91066.65,91066.65,0.07162
1763478300000,91261.83,91707.55,91108.69,91707.55,0.35679
1763478600000,91798.03,92241.64,91798.03,92241.64,0.01771
1763478900000,92240.88,92264.29,92236.5,92264.29,0.00174
1763479200000,92161.47,92852.38,92161.47,92686.44,0.07096
1763479500000,92902.87,92996.73,92687.03,92979.05,0.01312
1763479800000,92686.59,92999.99,92559.21,92559.21,0.09591
1763480100000,92848.3,92848.3,92635.76,92635.76,0.00023
1763480400000,92993.93,92993.93,92514.49,92915.54,0.21357
1763480700000,92516.61,92884.92,92516.61,92884.92,0.20059
1763481000000,92982.42,92982.42,92982.42,92982.42,0.00022
1763481300000,92957.93,92981.28,92940.0,92979.78,0.00513
1763481600000,92949.71,92949.71,92555.25,92555.25,0.00038
1763481900000,92812.1,93111.88,92698.45,93111.66,0.09417
1763482200000,93060.28,93190.87,93060.28,93190.49,0.01627
1763482500000,93100.0,93401.04,93100.0,93401.04,0.01347
1763482800000,93456.69,93543.57,93321.8,93321.8,1.49805
1763483100000,93542.99,93750.01,93542.84,93750.01,0.16185
1763483400000,93749.98,93790.0,93536.49,93789.78,0.72033
1763483700000,93681.29,93681.29,93681.29,93681.29,0.00012
1763484000000,93436.02,93624.19,93359.82,93359.82,0.04441
1763484300000,93252.08,93448.22,93251.55,93447.7,0.04786
1763484600000,93447.45,93628.42,93447.45,93592.92,0.0037
1763484900000,93586.42,93586.42,93586.42,93586.42,2e-05
1763485200000,93684.42,93684.42,93652.79,93652.79,0.0092
1763485500000,93650.6,93650.6,93264.62,93644.72,0.00041
1763485800000,93643.5,93643.5,93346.8,93346.8,0.02814
1763486100000,93533.09,93533.09,93527.3,93527.3,0.00059
1763486400000,93525.26,93525.26,93525.26,93525.26,0.00053
1763486700000,93301.97,93301.97,92895.91,92895.91,0.03076
1763487000000,93067.88,93067.88,93067.18,93067.18,0.00032
1763487300000,93103.39,93215.1,93103.39,93215.1,0.06111
1763487600000,93402.62,93402.62,93077.42,93092.28,0.04705
1763487900000,93357.77,93357.77,93093.16,93093.16,5e-05
1763488200000,93355.27,93355.27,93092.45,93092.45,0.00079
1763488500000,93436.86,93436.86,93371.69,93371.69,0.00096
1763488800000,93496.54,93496.54,93400.0,93494.19,0.11312
1763489100000,93497.0,93670.69,93497.0,93670.69,0.01065
1763489400000,93748.03,93748.03,93455.32,93745.75,0.00291
1763489700000,93744.35,93744.35,93744.25,93744.25,0.00087
1763490000000,93459.93,93694.15,93459.91,93645.56,0.02904
1763490300000,93633.71,93633.71,93179.49,93179.94,0.00077
1763490600000,93469.41,93469.41,93200.0,93445.57,0.03236
1763490900000,93582.58,93582.58,93179.79,93428.54,0.04435
1763491200000,93171.69,93426.27,93171.69,93176.22,0.00684
1763491500000,93177.49,93638.68,93177.49,93638.25,0.03786
1763491800000,93636.32,93636.32,93635.46,93635.46,0.01149
1763492100000,93633.28,93633.28,93633.28,93633.28,9e-05
1763492400000,93531.14,93531.14,93469.28,93469.28,0.00048
1763492700000,93468.93,93468.93,93464.77,93464.77,0.00157
1763493000000,93461.28,93613.58,93228.4,93610.74,0.0177
1763493300000,93610.74,93610.74,93610.74,93610.74,0.0
1763493600000,93597.79,93597.79,93243.0,93595.03,0.01179
1763493900000,93248.48,93589.77,93248.48,93589.64,0.00078
1763494200000,93585.41,93585.41,93585.41,93585.41,0.00032
1763494500000,93245.03,93549.99,93245.02,93549.99,0.0555
1763494800000,93315.14,93545.64,93315.14,93317.16,0.03527
1763495100000,93112.89,93112.89,93112.88,93112.88,0.00054
1763495400000,93112.03,93112.03,93052.82,93052.82,0.0135
1763495700000,93273.95,93273.95,93024.28,93024.28,0.00036
1763496000000,93261.87,93261.87,93030.83,93259.42,0.0214
1763496300000,93258.32,93258.32,93252.76,93252.76,0.00024
1763496600000,93024.63,93250.72,92927.46,92927.46,0.01901
1763496900000,92927.46,92927.46,92927.46,92927.46,0.0
1763497200000,92936.12,93216.23,92936.12,92970.09,0.00414
1763497500000,93212.14,93212.14,92969.91,92969.91,0.20152
1763497800000,92927.21,93122.7,92900.0,93122.7,0.0184
1763498100000,93103.42,93103.43,92846.14,92846.14,0.03853
1763498400000,92982.37,92982.37,92875.0,92875.0,0.2921
1763498700000,92811.34,92811.34,92686.63,92686.63,0.01669
1763499000000,92636.07,92949.49,92636.07,92949.49,0.00345
1763499300000,92949.3,92949.3,92944.79,92944.79,0.04021
1763499600000,92944.08,92944.08,92941.21,92941.21,0.00027
1763499900000,92939.29,92939.29,92696.24,92936.4,0.00118
1763500200000,92945.27,92969.99,92706.17,92969.99,0.13515
1763500500000,92969.97,92969.97,92728.73,92728.73,0.00246
1763500800000,92730.57,92970.0,92730.57,92969.99,0.98152
1763501100000,92746.48,92969.99,92746.48,92969.9,0.00522
1763501400000,92966.67,92968.92,92694.85,92694.85,0.10146
1763501700000,92694.85,92694.85,92694.85,92694.85,0.0
1763502000000,92878.79,92878.79,92878.05,92878.05,0.00029
1763502300000,92862.96,92862.96,92595.98,92595.98,0.01569
1763502600000,92595.98,92851.79,92469.29,92469.29,0.05117
1763502900000,92738.54,92738.54,92469.29,92469.29,0.0101
1763503200000,92469.37,92770.75,92469.37,92768.08,0.02005
1763503500000,92767.48,92767.48,92469.32,92765.49,1.5471
1763503800000,92968.14,93068.59,92967.34,93068.59,0.0222
1763504100000,93068.23,93111.19,92789.63,93111.19,0.00049
1763504400000,93112.03,93190.89,93112.03,93190.89,0.00798
1763504700000,93157.47,93250.52,93157.47,93219.51,0.00546
1763505000000,93251.3,93368.21,93251.3,93368.21,0.00897
1763505300000,93455.08,93455.08,93452.0,93452.0,0.00065
1763505600000,93173.26,93173.26,93173.26,93173.26,0.00037
1763505900000,93390.56,93390.56,93384.86,93384.86,0.00042
1763506200000,93365.96,93365.96,93365.96,93365.96,0.00273
1763506500000,93041.9,93358.68,93041.9,93358.68,0.00075
1763506800000,93044.33,93340.87,93044.33,93321.33,0.00088
1763507100000,93318.75,93318.75,93022.77,93022.77,0.0311
1763507400000,93101.81,93101.81,92795.12,92965.55,0.02153
1763507700000,92965.11,92965.11,92959.89,92959.89,0.00166
1763508000000,92722.48,92722.48,92722.48,92722.48,0.00011
1763508300000,92722.48,92722.48,92722.48,92722.48,0.0
1763508600000,92722.48,92722.48,92722.48,92722.48,0.0
1763508900000,92941.87,92964.64,92738.58,92738.58,0.00694
1763509200000,92738.58,92738.58,92738.58,92738.58,0.0
1763509500000,92800.74,92800.74,92800.0,92800.0,0.00551
1763509800000,92730.87,92948.72,92730.87,92947.59,0.01091
1763510100000,92944.26,92944.26,92944.15,92944.17,0.02998
1763510400000,92730.02,92730.03,92715.71,92715.71,0.02974
1763510700000,92695.39,92939.17,92635.09,92910.44,0.01037
1763511000000,92906.55,92906.55,92556.7,92556.7,0.01553
1763511300000,92526.11,92526.11,92082.61,92082.61,0.03112
1763511600000,92269.93,92269.93,92269.93,92269.93,0.00027
1763511900000,92400.38,92400.38,92126.98,92126.98,0.04338
1763512200000,92391.24,92391.24,92135.06,92135.06,0.00108
1763512500000,92134.9,92336.58,92128.22,92332.71,0.04041
1763512800000,92391.2,92595.98,92391.2,92595.98,0.08703
1763513100000,92635.07,92635.07,92341.06,92630.45,0.00214
1763513400000,92635.09,92635.09,92634.71,92634.71,0.06537
1763513700000,92634.46,92634.88,92599.84,92599.84,0.03134
1763514000000,92596.42,92596.42,92491.62,92491.62,0.00239
1763514300000,92479.63,92479.63,92472.16,92472.16,0.00588
1763514600000,92125.85,92441.84,92020.4,92020.4,0.0834
1763514900000,92020.41,92221.47,91836.23,92221.47,0.1412
1763515200000,92220.0,92597.14,92220.0,92597.14,0.11392
1763515500000,92594.55,92594.55,92588.06,92588.06,0.00511
1763515800000,92586.04,92586.04,92264.85,92264.91,0.01561
1763516100000,92264.91,92264.91,92264.91,92264.91,0.0
1763516400000,92510.46,92510.46,92509.57,92509.57,0.0004
1763516700000,92185.07,92505.5,92185.07,92468.99,0.0054
1763517000000,92125.92,92424.79,92125.92,92128.98,0.01057
1763517300000,92421.25,92421.25,92133.94,92134.25,0.00057
1763517600000,92559.18,92559.18,92559.18,92559.18,0.00013
1763517900000,92554.43,92600.0,92302.15,92600.0,0.05079
1763518200000,92600.0,92695.38,92422.09,92689.99,0.00954
1763518500000,92689.99,92795.06,92689.99,92794.24,0.06913
1763518800000,92787.84,92787.84,92398.5,92560.85,0.01425
1763519100000,92560.69,92560.84,92560.69,92560.84,0.02522
1763519400000,92560.84,92686.35,92560.84,92686.35,0.03371
1763519700000,92702.26,92794.91,92702.26,92794.91,0.00238
1763520000000,92509.98,92792.2,92509.98,92792.2,0.00073
1763520300000,92785.29,92792.77,92785.29,92791.34,0.00036
1763520600000,92791.06,92791.06,92510.95,92788.96,0.00031
1763520900000,92785.42,92785.42,92785.42,92785.42,2e-05
1763521200000,92733.43,92733.43,92733.43,92733.43,0.01
1763521500000,92404.73,92705.16,92404.71,92705.16,0.02133
1763521800000,92620.47,92620.47,92400.0,92598.46,0.01484
1763522100000,92597.87,92597.87,92208.93,92473.48,0.01694
1763522400000,92472.9,92472.9,92466.56,92466.56,0.00437
1763522700000,92466.56,92466.56,92466.56,92466.56,0.0
1763523000000,92447.78,92447.78,92162.73,92162.73,0.13127
1763523300000,92142.52,92344.76,91837.0,91837.0,0.02254
1763523600000,91809.44,91809.44,91747.22,91747.44,0.17625
1763523900000,91747.22,91747.22,91747.21,91747.21,0.03266
1763524200000,91726.03,91978.1,91726.03,91978.1,7e-05
1763524500000,91726.93,91964.44,91726.93,91964.44,0.04907
1763524800000,92102.12,92102.12,91726.98,91726.98,0.00096
1763525100000,92092.14,92092.14,91727.92,91729.43,0.00598
1763525400000,92044.97,92044.97,91729.26,91729.26,0.01011
1763525700000,91900.03,91900.03,91592.96,91592.96,0.07883
1763526000000,91888.48,91888.48,91888.48,91888.48,0.00038
1763526300000,91593.05,91593.05,91593.05,91593.05,7e-05
1763526600000,91592.96,91592.96,91484.78,91484.78,0.00343
1763526900000,91484.78,91626.73,91267.86,91484.78,0.00806
1763527200000,91626.46,91626.46,91268.8,91270.59,0.00471
1763527500000,91604.45,91604.45,91602.17,91602.17,0.00102
1763527800000,91601.57,91601.57,91601.57,91601.57,0.00021
1763528100000,91594.46,91594.46,91238.6,91238.6,0.00254
1763528400000,91192.54,91445.75,91125.99,91283.76,0.02484
1763528700000,91086.77,91086.77,90910.52,90910.52,0.02673
1763529000000,90911.04,90911.04,90911.04,90911.04,0.00035
1763529300000,90910.52,90910.52,90827.03,90910.47,1.49563
1763529600000,91106.93,91106.93,91104.84,91104.84,0.11641
1763529900000,90833.93,90833.93,90748.69,90748.69,0.0329
1763530200000,91068.6,91068.6,90710.13,90710.13,0.00325
1763530500000,90682.58,90899.69,90564.04,90795.87,0.00419
1763530800000,90523.51,90676.44,90373.74,90373.74,0.02263
1763531100000,90368.32,90593.41,90093.9,90251.03,0.32443
1763531400000,90093.62,90251.4,90000.03,90108.63,0.01956
1763531700000,90126.41,90175.01,90126.41,90175.0,0.10841
1763532000000,90480.6,90480.6,90480.22,90480.22,0.00056
1763532300000,90480.86,90620.43,90478.74,90620.43,0.06543
1763532600000,90629.39,90667.83,90338.26,90667.24,0.00208
1763532900000,90682.49,90742.52,90640.36,90640.36,0.07316
1763533200000,90370.85,90370.85,90370.85,90370.85,0.00087
1763533500000,90655.92,90823.23,90420.52,90429.01,0.16694
1763533800000,90824.62,90945.94,90824.62,90945.94,0.00326
1763534100000,90945.94,90945.94,90945.94,90945.94,0.0
